{"lastInput":{"dependencies":["meteor-base","mobile-experience","mongo","blaze-html-templates","reactive-var","jquery","tracker","standard-minifier-css","standard-minifier-js","es5-shim","ecmascript","shell-server","reactive-dict","accounts-ui","accounts-password","accounts-facebook","accounts-base","raix:handlebar-helpers","aldeed:template-extension","alanning:roles"],"constraints":["meteor-base@1.0.4","mobile-experience@1.0.4","mongo@1.1.14","blaze-html-templates@1.0.4","reactive-var@1.0.11","jquery@1.11.10","tracker@1.1.1","standard-minifier-css@1.3.2","standard-minifier-js@1.2.1","es5-shim@4.6.15","ecmascript@0.6.1","shell-server@0.2.1","reactive-dict","accounts-ui","accounts-password","accounts-facebook","accounts-base","raix:handlebar-helpers","aldeed:template-extension","alanning:roles"],"previousSolution":{"accounts-base":"1.2.14","accounts-facebook":"1.0.10","accounts-oauth":"1.1.15","accounts-password":"1.3.3","accounts-ui":"1.1.9","accounts-ui-unstyled":"1.1.12","alanning:roles":"1.2.15","aldeed:template-extension":"4.0.0","allow-deny":"1.0.5","autoupdate":"1.2.11","babel-compiler":"6.13.0","babel-runtime":"1.0.1","base64":"1.0.10","binary-heap":"1.0.10","blaze":"2.1.9","blaze-html-templates":"1.0.5","blaze-tools":"1.0.10","boilerplate-generator":"1.0.11","caching-compiler":"1.1.9","caching-html-compiler":"1.0.7","callback-hook":"1.0.10","check":"1.2.4","ddp":"1.2.5","ddp-client":"1.2.9","ddp-common":"1.2.8","ddp-rate-limiter":"1.0.6","ddp-server":"1.2.10","deps":"1.0.12","diff-sequence":"1.0.7","ecmascript":"0.6.1","ecmascript-runtime":"0.3.15","ejson":"1.0.13","email":"1.1.18","es5-shim":"4.6.15","facebook":"1.2.8","fastclick":"1.0.13","geojson-utils":"1.0.10","hot-code-push":"1.0.4","html-tools":"1.0.11","htmljs":"1.0.11","http":"1.1.8","id-map":"1.0.9","jquery":"1.11.10","launch-screen":"1.0.12","less":"2.6.5","livedata":"1.0.18","localstorage":"1.0.12","logging":"1.1.16","meteor":"1.6.0","meteor-base":"1.0.4","minifier-css":"1.2.15","minifier-js":"1.2.15","minimongo":"1.0.19","mobile-experience":"1.0.4","mobile-status-bar":"1.0.13","modules":"0.7.7","modules-runtime":"0.7.7","mongo":"1.1.14","mongo-id":"1.0.6","npm-bcrypt":"0.9.2","npm-mongo":"2.2.11_2","oauth":"1.1.12","oauth2":"1.1.11","observe-sequence":"1.0.14","ordered-dict":"1.0.9","promise":"0.8.8","raix:handlebar-helpers":"0.2.5","random":"1.0.10","rate-limit":"1.0.6","reactive-dict":"1.1.8","reactive-var":"1.0.11","reload":"1.1.11","retry":"1.0.9","routepolicy":"1.0.12","service-configuration":"1.0.11","session":"1.1.7","sha":"1.0.9","shell-server":"0.2.1","spacebars":"1.0.13","spacebars-compiler":"1.0.13","srp":"1.0.10","standard-minifier-css":"1.3.2","standard-minifier-js":"1.2.1","templating":"1.2.15","templating-compiler":"1.2.15","templating-runtime":"1.2.15","templating-tools":"1.0.5","tracker":"1.1.1","ui":"1.0.12","underscore":"1.0.10","url":"1.0.11","webapp":"1.3.12","webapp-hashing":"1.0.9"}},"lastOutput":{"neededToUseUnanticipatedPrereleases":false,"answer":{"accounts-base":"1.2.14","accounts-facebook":"1.0.10","accounts-oauth":"1.1.15","accounts-password":"1.3.3","accounts-ui":"1.1.9","accounts-ui-unstyled":"1.1.12","alanning:roles":"1.2.15","aldeed:template-extension":"4.0.0","allow-deny":"1.0.5","autoupdate":"1.2.11","babel-compiler":"6.13.0","babel-runtime":"1.0.1","base64":"1.0.10","binary-heap":"1.0.10","blaze":"2.1.9","blaze-html-templates":"1.0.5","blaze-tools":"1.0.10","boilerplate-generator":"1.0.11","caching-compiler":"1.1.9","caching-html-compiler":"1.0.7","callback-hook":"1.0.10","check":"1.2.4","ddp":"1.2.5","ddp-client":"1.2.9","ddp-common":"1.2.8","ddp-rate-limiter":"1.0.6","ddp-server":"1.2.10","deps":"1.0.12","diff-sequence":"1.0.7","ecmascript":"0.6.1","ecmascript-runtime":"0.3.15","ejson":"1.0.13","email":"1.1.18","es5-shim":"4.6.15","facebook":"1.2.8","fastclick":"1.0.13","geojson-utils":"1.0.10","hot-code-push":"1.0.4","html-tools":"1.0.11","htmljs":"1.0.11","http":"1.1.8","id-map":"1.0.9","isobuild:compiler-plugin":"1.0.0","isobuild:isopack-2":"1.0.0","isobuild:minifier-plugin":"1.0.0","jquery":"1.11.10","launch-screen":"1.0.12","less":"2.6.5","livedata":"1.0.18","localstorage":"1.0.12","logging":"1.1.16","meteor":"1.6.0","meteor-base":"1.0.4","minifier-css":"1.2.15","minifier-js":"1.2.15","minimongo":"1.0.19","mobile-experience":"1.0.4","mobile-status-bar":"1.0.13","modules":"0.7.7","modules-runtime":"0.7.7","mongo":"1.1.14","mongo-id":"1.0.6","npm-bcrypt":"0.9.2","npm-mongo":"2.2.11_2","oauth":"1.1.12","oauth2":"1.1.11","observe-sequence":"1.0.14","ordered-dict":"1.0.9","promise":"0.8.8","raix:handlebar-helpers":"0.2.5","random":"1.0.10","rate-limit":"1.0.6","reactive-dict":"1.1.8","reactive-var":"1.0.11","reload":"1.1.11","retry":"1.0.9","routepolicy":"1.0.12","service-configuration":"1.0.11","session":"1.1.7","sha":"1.0.9","shell-server":"0.2.1","spacebars":"1.0.13","spacebars-compiler":"1.0.13","srp":"1.0.10","standard-minifier-css":"1.3.2","standard-minifier-js":"1.2.1","templating":"1.2.15","templating-compiler":"1.2.15","templating-runtime":"1.2.15","templating-tools":"1.0.5","tracker":"1.1.1","ui":"1.0.12","underscore":"1.0.10","url":"1.0.11","webapp":"1.3.12","webapp-hashing":"1.0.9"}}}
