{"metadata":{"usedHelpers":[],"marked":[],"modules":{"imports":[{"source":"meteor/accounts-base","imported":["Accounts"],"specifiers":[{"kind":"named","imported":"Accounts","local":"Accounts"}]}],"exports":{"exported":[],"specifiers":[]}}},"options":{"filename":"/imports/startup/accounts-config.js","filenameRelative":"/imports/startup/accounts-config.js","env":{"development":{"plugins":[]}},"retainLines":false,"highlightCode":true,"suppressDeprecationMessages":false,"presets":[],"plugins":[[[],{"polyfill":false}],[[],null],[[],null],[[],null],[[],null],[[],null],[[],null],[[],null],[[],null],[[],null],[[],null],[[],null],[[],null],[[],null],[[],null],[[],null],[[],{"loose":true}],[[],{"loose":true}],[[],null],[[],{"loose":true}],[[],null],[[],null],[[],null],[[],null],[[],null],[[],null],[[],null],[[],{"loose":true}],[[],null],[[],null],[[],null],[[],null],[[],null],[[],null],[[],null],[[],null]],"ignore":[],"code":true,"metadata":true,"ast":false,"comments":true,"compact":false,"minified":false,"sourceMap":true,"sourceMaps":true,"sourceMapTarget":"/imports/startup/accounts-config.js.map","sourceFileName":"/imports/startup/accounts-config.js","babelrc":false,"sourceType":"module","moduleIds":false,"passPerPreset":false,"parserOpts":false,"generatorOpts":false,"basename":"accounts-config"},"ignored":false,"code":"var Accounts;module.import('meteor/accounts-base',{\"Accounts\":function(v){Accounts=v}});","ast":null,"map":{"version":3,"sources":["/imports/startup/accounts-config.js"],"names":["Accounts"],"mappings":"AAAA,SAASA,QAAT,QAAyB,sBAAzB","file":"/imports/startup/accounts-config.js.map","sourcesContent":["import { Accounts } from 'meteor/accounts-base';"]},"hash":"0612230c75d84cb43db649b49402e3ce017be905"}
