{"metadata":{"usedHelpers":[],"marked":[],"modules":{"imports":[{"source":"../imports/ui/body.js","imported":[],"specifiers":[]}],"exports":{"exported":[],"specifiers":[]}}},"options":{"filename":"/client/main.js","filenameRelative":"/client/main.js","env":{"development":{"plugins":[]}},"retainLines":false,"highlightCode":true,"suppressDeprecationMessages":false,"presets":[],"plugins":[[[],{"polyfill":false}],[[],null],[[],null],[[],null],[[],null],[[],null],[[],null],[[],null],[[],null],[[],null],[[],null],[[],null],[[],null],[[],null],[[],null],[[],null],[[],{"loose":true}],[[],{"loose":true}],[[],null],[[],{"loose":true}],[[],null],[[],null],[[],null],[[],null],[[],null],[[],null],[[],null],[[],{"loose":true}],[[],null],[[],null],[[],null],[[],null],[[],null],[[],null],[[],null],[[],null]],"ignore":[],"code":true,"metadata":true,"ast":false,"comments":true,"compact":false,"minified":false,"sourceMap":true,"sourceMaps":true,"sourceMapTarget":"/client/main.js.map","sourceFileName":"/client/main.js","babelrc":false,"sourceType":"module","moduleIds":false,"passPerPreset":false,"parserOpts":false,"generatorOpts":false,"basename":"main"},"ignored":false,"code":"module.import('../imports/ui/body.js');\n\n\n// Template.item.helpers({\n\n\n// });\n\nTemplate.item.events({\n  'click.toggle-checked': function () {\n    function clickToggleChecked() {\n      // Set the checked property to the opposite of its current value\n      Items.update(this._id, {\n        $set: { checked: !this.checked }\n      });\n    }\n\n    return clickToggleChecked;\n  }(),\n\n  'click.btn-danger': function () {\n    function clickBtnDanger() {\n      Items.remove(this._id);\n    }\n\n    return clickBtnDanger;\n  }()\n});","ast":null,"map":{"version":3,"sources":["/client/main.js"],"names":["Template","item","events","Items","update","_id","$set","checked","remove"],"mappings":";AACA,OAAO,uBAAP;;AAIE;;;AAGA;;AAEAA,SAASC,IAAT,CAAcC,MAAd,CAAqB;AACnB;AAAwB,kCAAU;AAClC;AACEC,YAAMC,MAAN,CAAa,KAAKC,GAAlB,EAAuB;AACpBC,cAAM,EAAEC,SAAS,CAAC,KAAKA,OAAjB;AADc,OAAvB;AAGA;;AALF;AAAA,KADmB;;AAQnB;AAAoB,8BAAW;AAC7BJ,YAAMK,MAAN,CAAa,KAAKH,GAAlB;AACD;;AAFD;AAAA;AARmB,CAArB","file":"/client/main.js.map","sourcesContent":["\nimport '../imports/ui/body.js';\n\n\n\n  // Template.item.helpers({\n  \n    \n  // });\n\n  Template.item.events({\n    'click.toggle-checked': function(){\n    // Set the checked property to the opposite of its current value\n      Items.update(this._id, {\n         $set: { checked: !this.checked }\n      });\n     },\n\n    'click.btn-danger': function() {\n      Items.remove(this._id);\n    }\n  });\n"]},"hash":"0d5f44f1dc3cdda0dea4f360189944fd2807880e"}
