{"metadata":{"usedHelpers":[],"marked":[],"modules":{"imports":[{"source":"./mainNav.html","imported":[],"specifiers":[]}],"exports":{"exported":[],"specifiers":[]}}},"options":{"filename":"/imports/ui/mainNav.js","filenameRelative":"/imports/ui/mainNav.js","env":{"development":{"plugins":[]}},"retainLines":false,"highlightCode":true,"suppressDeprecationMessages":false,"presets":[],"plugins":[[[],{"polyfill":false}],[[],null],[[],null],[[],null],[[],null],[[],null],[[],null],[[],null],[[],null],[[],null],[[],null],[[],null],[[],null],[[],null],[[],null],[[],null],[[],{"loose":true}],[[],{"loose":true}],[[],null],[[],{"loose":true}],[[],null],[[],null],[[],null],[[],null],[[],null],[[],null],[[],null],[[],{"loose":true}],[[],null],[[],null],[[],null],[[],null],[[],null],[[],null],[[],null],[[],null]],"ignore":[],"code":true,"metadata":true,"ast":false,"comments":true,"compact":false,"minified":false,"sourceMap":true,"sourceMaps":true,"sourceMapTarget":"/imports/ui/mainNav.js.map","sourceFileName":"/imports/ui/mainNav.js","babelrc":false,"sourceType":"module","moduleIds":false,"passPerPreset":false,"parserOpts":false,"generatorOpts":false,"basename":"mainNav"},"ignored":false,"code":"module.import('./mainNav.html');","ast":null,"map":{"version":3,"sources":["/imports/ui/mainNav.js"],"names":[],"mappings":"AAAA,OAAO,gBAAP","file":"/imports/ui/mainNav.js.map","sourcesContent":["import './mainNav.html';"]},"hash":"24ea4d026a95370197bcf03921911b3f7d694d91"}
