{"metadata":{"usedHelpers":[],"marked":[],"modules":{"imports":[{"source":"meteor/templating","imported":["Template"],"specifiers":[{"kind":"named","imported":"Template","local":"Template"}]},{"source":"../api/items.js","imported":["Items"],"specifiers":[{"kind":"named","imported":"Items","local":"Items"}]},{"source":"./body.html","imported":[],"specifiers":[]},{"source":"./item.html","imported":[],"specifiers":[]}],"exports":{"exported":[],"specifiers":[]}}},"options":{"filename":"/imports/ui/body.js","filenameRelative":"/imports/ui/body.js","env":{"development":{"plugins":[]}},"retainLines":false,"highlightCode":true,"suppressDeprecationMessages":false,"presets":[],"plugins":[[[],{"polyfill":false}],[[],null],[[],null],[[],null],[[],null],[[],null],[[],null],[[],null],[[],null],[[],null],[[],null],[[],null],[[],null],[[],null],[[],null],[[],null],[[],{"loose":true}],[[],{"loose":true}],[[],null],[[],{"loose":true}],[[],null],[[],null],[[],null],[[],null],[[],null],[[],null],[[],null],[[],{"loose":true}],[[],null],[[],null],[[],null],[[],null],[[],null],[[],null],[[],null],[[],null]],"ignore":[],"code":true,"metadata":true,"ast":false,"comments":true,"compact":false,"minified":false,"sourceMap":true,"sourceMaps":true,"sourceMapTarget":"/imports/ui/body.js.map","sourceFileName":"/imports/ui/body.js","babelrc":false,"sourceType":"module","moduleIds":false,"passPerPreset":false,"parserOpts":false,"generatorOpts":false,"basename":"body"},"ignored":false,"code":"var Template;module.import('meteor/templating',{\"Template\":function(v){Template=v}});var Items;module.import('../api/items.js',{\"Items\":function(v){Items=v}});module.import('./body.html');module.import('./item.html');\n\n\n\n\nTemplate.body.helpers({\n  items: function () {\n    function items() {\n      return Items.find({}, { sort: { createdAt: -1 } });\n    }\n\n    return items;\n  }()\n});\n\nTemplate.body.events({\n  'submit.new-item': function () {\n    function submitNewItem(event) {\n      event.preventDefault();\n      //get value from input element\n      var item = event.target.name.value;\n      var amount = event.target.amount.value;\n      //insert one item into the items collections\n      Items.insert({\n        name: item,\n        amount: amount,\n        createdAt: new Date()\n      });\n\n      //clear form\n      event.target.name.value = '';\n      event.target.amount.value = '';\n      return false;\n    }\n\n    return submitNewItem;\n  }()\n});","ast":null,"map":{"version":3,"sources":["/imports/ui/body.js"],"names":["Template","Items","body","helpers","items","find","sort","createdAt","events","event","preventDefault","item","target","name","value","amount","insert","Date"],"mappings":"AAAA,SAASA,QAAT,QAAyB,mBAAzB;AACA,SAASC,KAAT,QAAsB,iBAAtB;AACA,OAAO,aAAP;AACA,OAAO,aAAP;;AAEAD,SAASE,IAAT,CAAcC,OAAd,CAAsB;AAClBC;AAAO,qBAAU;AACf,aAAOH,MAAMI,IAAN,CAAW,EAAX,EAAe,EAACC,MAAM,EAAEC,WAAW,CAAC,CAAd,EAAP,EAAf,CAAP;AACD;;AAFD;AAAA;AADkB,CAAtB;;AAMEP,SAASE,IAAT,CAAcM,MAAd,CAAqB;AACnB;AAAmB,2BAASC,KAAT,EAAgB;AACjCA,YAAMC,cAAN;AACA;AACA,UAAIC,OAAOF,MAAMG,MAAN,CAAaC,IAAb,CAAkBC,KAA7B;AACA,UAAIC,SAASN,MAAMG,MAAN,CAAaG,MAAb,CAAoBD,KAAjC;AACA;AACAb,YAAMe,MAAN,CAAa;AACXH,cAAOF,IADI;AAEXI,sBAFW;AAGXR,mBAAY,IAAIU,IAAJ;AAHD,OAAb;;AAMA;AACAR,YAAMG,MAAN,CAAaC,IAAb,CAAkBC,KAAlB,GAA0B,EAA1B;AACAL,YAAMG,MAAN,CAAaG,MAAb,CAAoBD,KAApB,GAA2B,EAA3B;AACA,aAAO,KAAP;AAED;;AAjBD;AAAA;AADmB,CAArB","file":"/imports/ui/body.js.map","sourcesContent":["import { Template } from 'meteor/templating';\nimport { Items } from '../api/items.js';\nimport './body.html';\nimport './item.html';\n\nTemplate.body.helpers({\n    items: function(){\n      return Items.find({}, {sort: { createdAt: -1} } );\n    }\n  });\n\n  Template.body.events({\n    'submit.new-item': function(event) {\n      event.preventDefault();\n      //get value from input element\n      var item = event.target.name.value;\n      var amount = event.target.amount.value;\n      //insert one item into the items collections\n      Items.insert({\n        name : item,\n        amount,\n        createdAt : new Date()\n        });\n\n      //clear form\n      event.target.name.value = '';\n      event.target.amount.value ='';\n      return false;\n     \n    }\n  });"]},"hash":"2ced68eccc1885d999dedc1f43671e05517e597b"}
