{"metadata":{"usedHelpers":[],"marked":[],"modules":{"imports":[{"source":"meteor/templating","imported":["Template"],"specifiers":[{"kind":"named","imported":"Template","local":"Template"}]},{"source":"meteor/reactive-var","imported":["ReactiveVar"],"specifiers":[{"kind":"named","imported":"ReactiveVar","local":"ReactiveVar"}]}],"exports":{"exported":["Items"],"specifiers":[{"kind":"local","local":"Items","exported":"Items"}]}}},"options":{"filename":"/client/main.js","filenameRelative":"/client/main.js","env":{"development":{"plugins":[]}},"retainLines":false,"highlightCode":true,"suppressDeprecationMessages":false,"presets":[],"plugins":[[[],{"polyfill":false}],[[],null],[[],null],[[],null],[[],null],[[],null],[[],null],[[],null],[[],null],[[],null],[[],null],[[],null],[[],null],[[],null],[[],null],[[],null],[[],{"loose":true}],[[],{"loose":true}],[[],null],[[],{"loose":true}],[[],null],[[],null],[[],null],[[],null],[[],null],[[],null],[[],null],[[],{"loose":true}],[[],null],[[],null],[[],null],[[],null],[[],null],[[],null],[[],null],[[],null]],"ignore":[],"code":true,"metadata":true,"ast":false,"comments":true,"compact":false,"minified":false,"sourceMap":true,"sourceMaps":true,"sourceMapTarget":"/client/main.js.map","sourceFileName":"/client/main.js","babelrc":false,"sourceType":"module","moduleIds":false,"passPerPreset":false,"parserOpts":false,"generatorOpts":false,"basename":"main"},"ignored":false,"code":"module.export({Items:function(){return Items}});var Template;module.import('meteor/templating',{\"Template\":function(v){Template=v}});var ReactiveVar;module.import('meteor/reactive-var',{\"ReactiveVar\":function(v){ReactiveVar=v}});\n\nvar Items = new Mongo.Collection('items');\n\nTemplate.body.helpers({\n  items: function () {\n    function items() {\n      return Items.find({}, { sort: { createdAt: -1 } });\n    }\n\n    return items;\n  }()\n});\n\nTemplate.body.events({\n\n  'click.new-item': function () {\n    function clickNewItem(event) {\n      event.preventDefault();\n      //get value from input element\n      var item = event.target.name.value;\n      // var amount = event.target.amount.value;\n      //insert one item into the items collections\n      Items.insert({\n        name: item,\n        // amount,\n        createdAt: new Date()\n      });\n\n      //clear form\n      event.target.name.value = '';\n      // event.target.amount.value ='';\n    }\n\n    return clickNewItem;\n  }()\n});\n\n// Template.item.helpers({\n\n\n// });\n\nTemplate.item.events({\n  'click.toggle-checked': function () {\n    function clickToggleChecked() {\n      // Set the checked property to the opposite of its current value\n      Items.update(this._id, {\n        $set: { checked: !this.checked }\n      });\n    }\n\n    return clickToggleChecked;\n  }(),\n  'click.btn-danger': function () {\n    function clickBtnDanger() {\n      Tasks.remove(this._id);\n    }\n\n    return clickBtnDanger;\n  }()\n});","ast":null,"map":{"version":3,"sources":["/client/main.js"],"names":["Template","ReactiveVar","Items","Mongo","Collection","body","helpers","items","find","sort","createdAt","events","event","preventDefault","item","target","name","value","insert","Date","update","_id","$set","checked","Tasks","remove"],"mappings":"AAAA,SAASA,QAAT,QAAyB,mBAAzB;AACA,SAASC,WAAT,QAA4B,qBAA5B;AACA,OAAO,IAAIC,QAAQ,IAAIC,MAAMC,UAAV,CAAqB,OAArB,CAAZ;;AAGPJ,SAASK,IAAT,CAAcC,OAAd,CAAsB;AAClBC;AAAO,qBAAU;AACf,aAAOL,MAAMM,IAAN,CAAW,EAAX,EAAe,EAACC,MAAM,EAAEC,WAAW,CAAC,CAAd,EAAP,EAAf,CAAP;AACD;;AAFD;AAAA;AADkB,CAAtB;;AAMEV,SAASK,IAAT,CAAcM,MAAd,CAAqB;;AAEnB;AAAkB,0BAAUC,KAAV,EAAiB;AACjCA,YAAMC,cAAN;AACA;AACA,UAAIC,OAAMF,MAAMG,MAAN,CAAaC,IAAb,CAAkBC,KAA5B;AACA;AACA;AACAf,YAAMgB,MAAN,CAAa;AACXF,cAAOF,IADI;AAEX;AACAJ,mBAAY,IAAIS,IAAJ;AAHD,OAAb;;AAMA;AACAP,YAAMG,MAAN,CAAaC,IAAb,CAAkBC,KAAlB,GAA0B,EAA1B;AACA;AAED;;AAhBD;AAAA;AAFmB,CAArB;;AAqBA;;;AAGA;;AAEAjB,SAASc,IAAT,CAAcH,MAAd,CAAqB;AACnB,wBADmB;AAAA,kCACK;AACxB;AACET,YAAMkB,MAAN,CAAa,KAAKC,GAAlB,EAAuB;AACpBC,cAAM,EAAEC,SAAS,CAAC,KAAKA,OAAjB;AADc,OAAvB;AAGA;;AANiB;AAAA;AAQnB,oBARmB;AAAA,8BAQE;AACnBC,YAAMC,MAAN,CAAa,KAAKJ,GAAlB;AACD;;AAVkB;AAAA;AAAA,CAArB","file":"/client/main.js.map","sourcesContent":["import { Template } from 'meteor/templating';\nimport { ReactiveVar } from 'meteor/reactive-var';\nexport var Items = new Mongo.Collection('items');\n\n\nTemplate.body.helpers({\n    items: function(){\n      return Items.find({}, {sort: { createdAt: -1} } );\n    }\n  });\n\n  Template.body.events({\n\n    'click.new-item': function (event) {\n      event.preventDefault();\n      //get value from input element\n      var item= event.target.name.value;\n      // var amount = event.target.amount.value;\n      //insert one item into the items collections\n      Items.insert({\n        name : item,\n        // amount,\n        createdAt : new Date()\n        });\n\n      //clear form\n      event.target.name.value = '';\n      // event.target.amount.value ='';\n     \n    }\n  });\n\n  // Template.item.helpers({\n  \n    \n  // });\n\n  Template.item.events({\n    'click.toggle-checked'(){\n    // Set the checked property to the opposite of its current value\n      Items.update(this._id, {\n         $set: { checked: !this.checked }\n      });\n     },\n\n    'click.btn-danger'() {\n      Tasks.remove(this._id);\n    }\n  });\n"]},"hash":"2eefd20ae014f1da0f414a3b9f2e25919b08595f"}
