{"metadata":{"usedHelpers":[],"marked":[],"modules":{"imports":[],"exports":{"exported":[],"specifiers":[]}}},"options":{"filename":"/packages/aldeed:template-extension/lib/template-global-hooks.js","filenameRelative":"/packages/aldeed:template-extension/lib/template-global-hooks.js","env":{"development":{"plugins":[]}},"retainLines":false,"highlightCode":true,"suppressDeprecationMessages":false,"presets":[],"plugins":[[[],{"polyfill":false}],[[],null],[[],null],[[],null],[[],null],[[],null],[[],null],[[],null],[[],null],[[],null],[[],null],[[],null],[[],null],[[],null],[[],null],[[],null],[[],{"loose":true}],[[],{"loose":true}],[[],null],[[],{"loose":true}],[[],null],[[],null],[[],null],[[],null],[[],null],[[],null],[[],null],[[],{"loose":true}],[[],null],[[],null],[[],null],[[],null],[[],null],[[],null],[[],null],[[],null]],"ignore":[],"code":true,"metadata":true,"ast":false,"comments":true,"compact":false,"minified":false,"sourceMap":true,"sourceMaps":true,"sourceMapTarget":"/packages/aldeed:template-extension/lib/template-global-hooks.js.map","sourceFileName":"/packages/aldeed:template-extension/lib/template-global-hooks.js","babelrc":false,"sourceType":"module","moduleIds":false,"passPerPreset":false,"parserOpts":false,"generatorOpts":false,"basename":"template-global-hooks"},"ignored":false,"code":"// Setup for multiple hooks support\n// We assume that no other code will be directly defining\n// a hook once the client has started.\nMeteor.startup(function () {\n  Template.forEach(function (template) {\n    Hooks.addGlobal(template);\n  });\n});\n\nTemplate.onCreated = function (hook) {\n  Hooks.global.created.push(hook);\n};\n\nTemplate.onRendered = function (hook) {\n  Hooks.global.rendered.push(hook);\n};\n\nTemplate.onDestroyed = function (hook) {\n  Hooks.global.destroyed.push(hook);\n};","ast":null,"map":{"version":3,"sources":["/packages/aldeed:template-extension/lib/template-global-hooks.js"],"names":["Meteor","startup","Template","forEach","template","Hooks","addGlobal","onCreated","hook","global","created","push","onRendered","rendered","onDestroyed","destroyed"],"mappings":"AAAA;AACA;AACA;AACAA,OAAOC,OAAP,CAAe,YAAM;AACnBC,WAASC,OAAT,CAAiB,UAACC,QAAD,EAAc;AAC7BC,UAAMC,SAAN,CAAgBF,QAAhB;AACD,GAFD;AAGD,CAJD;;AAMAF,SAASK,SAAT,GAAqB,UAACC,IAAD,EAAU;AAC7BH,QAAMI,MAAN,CAAaC,OAAb,CAAqBC,IAArB,CAA0BH,IAA1B;AACD,CAFD;;AAIAN,SAASU,UAAT,GAAsB,UAACJ,IAAD,EAAU;AAC9BH,QAAMI,MAAN,CAAaI,QAAb,CAAsBF,IAAtB,CAA2BH,IAA3B;AACD,CAFD;;AAIAN,SAASY,WAAT,GAAuB,UAACN,IAAD,EAAU;AAC/BH,QAAMI,MAAN,CAAaM,SAAb,CAAuBJ,IAAvB,CAA4BH,IAA5B;AACD,CAFD","file":"/packages/aldeed:template-extension/lib/template-global-hooks.js.map","sourcesContent":["// Setup for multiple hooks support\n// We assume that no other code will be directly defining\n// a hook once the client has started.\nMeteor.startup(() => {\n  Template.forEach((template) => {\n    Hooks.addGlobal(template);\n  });\n});\n\nTemplate.onCreated = (hook) => {\n  Hooks.global.created.push(hook);\n};\n\nTemplate.onRendered = (hook) => {\n  Hooks.global.rendered.push(hook);\n};\n\nTemplate.onDestroyed = (hook) => {\n  Hooks.global.destroyed.push(hook);\n};\n"]},"hash":"373fc6273014c57e3748181fed8611b83501f65f"}
