{"metadata":{"usedHelpers":[],"marked":[],"modules":{"imports":[],"exports":{"exported":[],"specifiers":[]}}},"options":{"filename":"/packages/http/deprecated.js","filenameRelative":"/packages/http/deprecated.js","env":{"development":{"plugins":[]}},"retainLines":false,"highlightCode":true,"suppressDeprecationMessages":false,"presets":[],"plugins":[[[],{"polyfill":false}],[[],null],[[],null],[[],null],[[],null],[[],null],[[],null],[[],null],[[],null],[[],null],[[],null],[[],null],[[],null],[[],null],[[],null],[[],null],[[],{"loose":true}],[[],{"loose":true}],[[],null],[[],{"loose":true}],[[],null],[[],null],[[],null],[[],null],[[],null],[[],null],[[],null],[[],{"loose":true}],[[],null],[[],null],[[],null],[[],null],[[],null],[[],null],[[],null],[[],null]],"ignore":[],"code":true,"metadata":true,"ast":false,"comments":true,"compact":false,"minified":false,"sourceMap":true,"sourceMaps":true,"sourceMapTarget":"/packages/http/deprecated.js.map","sourceFileName":"/packages/http/deprecated.js","babelrc":false,"sourceType":"module","moduleIds":false,"passPerPreset":false,"parserOpts":false,"generatorOpts":false,"basename":"deprecated"},"ignored":false,"code":"// The HTTP object used to be called Meteor.http.\n// XXX COMPAT WITH 0.6.4\nMeteor.http = HTTP;","ast":null,"map":{"version":3,"sources":["/packages/http/deprecated.js"],"names":["Meteor","http","HTTP"],"mappings":"AAAA;AACA;AACAA,OAAOC,IAAP,GAAcC,IAAd","file":"/packages/http/deprecated.js.map","sourcesContent":["// The HTTP object used to be called Meteor.http.\n// XXX COMPAT WITH 0.6.4\nMeteor.http = HTTP;\n"]},"hash":"3e91869d33f18c07a2fa7db4d2e76f2849e4035d"}
