{"metadata":{"usedHelpers":[],"marked":[],"modules":{"imports":[],"exports":{"exported":[],"specifiers":[]}}},"options":{"filename":"/packages/aldeed:template-extension/lib/template-register-helpers.js","filenameRelative":"/packages/aldeed:template-extension/lib/template-register-helpers.js","env":{"development":{"plugins":[]}},"retainLines":false,"highlightCode":true,"suppressDeprecationMessages":false,"presets":[],"plugins":[[[],{"polyfill":false}],[[],null],[[],null],[[],null],[[],null],[[],null],[[],null],[[],null],[[],null],[[],null],[[],null],[[],null],[[],null],[[],null],[[],null],[[],null],[[],{"loose":true}],[[],{"loose":true}],[[],null],[[],{"loose":true}],[[],null],[[],null],[[],null],[[],null],[[],null],[[],null],[[],null],[[],{"loose":true}],[[],null],[[],null],[[],null],[[],null],[[],null],[[],null],[[],null],[[],null]],"ignore":[],"code":true,"metadata":true,"ast":false,"comments":true,"compact":false,"minified":false,"sourceMap":true,"sourceMaps":true,"sourceMapTarget":"/packages/aldeed:template-extension/lib/template-register-helpers.js.map","sourceFileName":"/packages/aldeed:template-extension/lib/template-register-helpers.js","babelrc":false,"sourceType":"module","moduleIds":false,"passPerPreset":false,"parserOpts":false,"generatorOpts":false,"basename":"template-register-helpers"},"ignored":false,"code":"Template.registerHelpers = function (helpers) {\n  if (!helpers) return;\n\n  for (var name in meteorBabelHelpers.sanitizeForInObject(helpers)) {\n    if (helpers.hasOwnProperty(name)) {\n      Template.registerHelper(name, helpers[name]);\n    }\n  }\n};","ast":null,"map":{"version":3,"sources":["/packages/aldeed:template-extension/lib/template-register-helpers.js"],"names":["Template","registerHelpers","helpers","name","hasOwnProperty","registerHelper"],"mappings":"AAAAA,SAASC,eAAT,GAA2B,UAACC,OAAD,EAAa;AACtC,MAAI,CAACA,OAAL,EAAc;;AAEd,OAAK,IAAIC,IAAT,2CAAiBD,OAAjB,GAA0B;AACxB,QAAIA,QAAQE,cAAR,CAAuBD,IAAvB,CAAJ,EAAkC;AAChCH,eAASK,cAAT,CAAwBF,IAAxB,EAA8BD,QAAQC,IAAR,CAA9B;AACD;AACF;AACF,CARD","file":"/packages/aldeed:template-extension/lib/template-register-helpers.js.map","sourcesContent":["Template.registerHelpers = (helpers) => {\n  if (!helpers) return;\n\n  for (let name in helpers) {\n    if (helpers.hasOwnProperty(name)) {\n      Template.registerHelper(name, helpers[name]);\n    }\n  }\n};\n"]},"hash":"543c3af9a6b3d1d78efd6ae879914e6e37c985a7"}
