{"metadata":{"usedHelpers":[],"marked":[],"modules":{"imports":[],"exports":{"exported":[],"specifiers":[]}}},"options":{"filename":"/packages/aldeed:template-extension/lib/template-clear-event-maps.js","filenameRelative":"/packages/aldeed:template-extension/lib/template-clear-event-maps.js","env":{"development":{"plugins":[]}},"retainLines":false,"highlightCode":true,"suppressDeprecationMessages":false,"presets":[],"plugins":[[[],{"polyfill":false}],[[],null],[[],null],[[],null],[[],null],[[],null],[[],null],[[],null],[[],null],[[],null],[[],null],[[],null],[[],null],[[],null],[[],null],[[],null],[[],{"loose":true}],[[],{"loose":true}],[[],null],[[],{"loose":true}],[[],null],[[],null],[[],null],[[],null],[[],null],[[],null],[[],null],[[],{"loose":true}],[[],null],[[],null],[[],null],[[],null],[[],null],[[],null],[[],null],[[],null]],"ignore":[],"code":true,"metadata":true,"ast":false,"comments":true,"compact":false,"minified":false,"sourceMap":true,"sourceMaps":true,"sourceMapTarget":"/packages/aldeed:template-extension/lib/template-clear-event-maps.js.map","sourceFileName":"/packages/aldeed:template-extension/lib/template-clear-event-maps.js","babelrc":false,"sourceType":"module","moduleIds":false,"passPerPreset":false,"parserOpts":false,"generatorOpts":false,"basename":"template-clear-event-maps"},"ignored":false,"code":"Template.prototype.clearEventMaps = function () {\n  function clearEventMaps() {\n    this.__eventMaps = [];\n  }\n\n  return clearEventMaps;\n}();","ast":null,"map":{"version":3,"sources":["/packages/aldeed:template-extension/lib/template-clear-event-maps.js"],"names":["Template","prototype","clearEventMaps","__eventMaps"],"mappings":"AAAAA,SAASC,SAAT,CAAmBC,cAAnB;AAAoC,WAASA,cAAT,GAA0B;AAC5D,SAAKC,WAAL,GAAmB,EAAnB;AACD;;AAFD,SAA6CD,cAA7C;AAAA","file":"/packages/aldeed:template-extension/lib/template-clear-event-maps.js.map","sourcesContent":["Template.prototype.clearEventMaps = function clearEventMaps() {\n  this.__eventMaps = [];\n};\n"]},"hash":"55c117dec0cd3ddf6c5f662a39f894a44f2d709e"}
