{"metadata":{"usedHelpers":[],"marked":[],"modules":{"imports":[{"source":"meteor/accounts-base","imported":["Accounts"],"specifiers":[{"kind":"named","imported":"Accounts","local":"Accounts"}]}],"exports":{"exported":[],"specifiers":[]}}},"options":{"filename":"/imports/startup/accounts-config.js","filenameRelative":"/imports/startup/accounts-config.js","env":{"development":{"plugins":[]}},"retainLines":false,"highlightCode":true,"suppressDeprecationMessages":false,"presets":[],"plugins":[[[],{"polyfill":false}],[[],null],[[],null],[[],null],[[],null],[[],null],[[],null],[[],null],[[],null],[[],null],[[],null],[[],null],[[],null],[[],null],[[],null],[[],null],[[],{"loose":true}],[[],{"loose":true}],[[],null],[[],{"loose":true}],[[],null],[[],null],[[],null],[[],null],[[],null],[[],null],[[],null],[[],{"loose":true}],[[],null],[[],null],[[],null],[[],null],[[],null],[[],null],[[],null],[[],null]],"ignore":[],"code":true,"metadata":true,"ast":false,"comments":true,"compact":false,"minified":false,"sourceMap":true,"sourceMaps":true,"sourceMapTarget":"/imports/startup/accounts-config.js.map","sourceFileName":"/imports/startup/accounts-config.js","babelrc":false,"sourceType":"module","moduleIds":false,"passPerPreset":false,"parserOpts":false,"generatorOpts":false,"basename":"accounts-config"},"ignored":false,"code":"var Accounts;module.import('meteor/accounts-base',{\"Accounts\":function(v){Accounts=v}});\n\nAccounts.ui.config({\n  requestPermissions: {\n    facebook: ['user_likes'],\n    github: ['user', 'repo']\n  },\n  requestOfflineToken: {\n    google: true\n  },\n  passwordSignupFields: 'USERNAME_AND_EMAIL'\n});","ast":null,"map":{"version":3,"sources":["/imports/startup/accounts-config.js"],"names":["Accounts","ui","config","requestPermissions","facebook","github","requestOfflineToken","google","passwordSignupFields"],"mappings":"AAAA,SAASA,QAAT,QAAyB,sBAAzB;;AAEAA,SAASC,EAAT,CAAYC,MAAZ,CAAmB;AAClBC,sBAAoB;AAChBC,cAAU,CAAC,YAAD,CADM;AAEhBC,YAAQ,CAAC,MAAD,EAAS,MAAT;AAFQ,GADF;AAKhBC,uBAAqB;AAClBC,YAAQ;AADU,GALL;AAQlBC,wBAAuB;AARL,CAAnB","file":"/imports/startup/accounts-config.js.map","sourcesContent":["import { Accounts } from 'meteor/accounts-base';\n\nAccounts.ui.config({\n\trequestPermissions: {\n    \tfacebook: ['user_likes'],\n    \tgithub: ['user', 'repo']\n  \t},\n  \trequestOfflineToken: {\n   \t\t google: true\n  \t},\n\tpasswordSignupFields : 'USERNAME_AND_EMAIL',\n})"]},"hash":"566d7afe3850a9ec75f6aaf4e4301dcd55826415"}
