{"metadata":{"usedHelpers":[],"marked":[],"modules":{"imports":[{"source":"meteor/templating","imported":["Template"],"specifiers":[{"kind":"named","imported":"Template","local":"Template"}]},{"source":"meteor/reactive-dict","imported":["ReactiveDict"],"specifiers":[{"kind":"named","imported":"ReactiveDict","local":"ReactiveDict"}]},{"source":"../api/items.js","imported":["Items"],"specifiers":[{"kind":"named","imported":"Items","local":"Items"}]},{"source":"./item.js","imported":[],"specifiers":[]},{"source":"./body.html","imported":[],"specifiers":[]}],"exports":{"exported":[],"specifiers":[]}}},"options":{"filename":"/imports/ui/body.js","filenameRelative":"/imports/ui/body.js","env":{"development":{"plugins":[]}},"retainLines":false,"highlightCode":true,"suppressDeprecationMessages":false,"presets":[],"plugins":[[[],{"polyfill":false}],[[],null],[[],null],[[],null],[[],null],[[],null],[[],null],[[],null],[[],null],[[],null],[[],null],[[],null],[[],null],[[],null],[[],null],[[],null],[[],{"loose":true}],[[],{"loose":true}],[[],null],[[],{"loose":true}],[[],null],[[],null],[[],null],[[],null],[[],null],[[],null],[[],null],[[],{"loose":true}],[[],null],[[],null],[[],null],[[],null],[[],null],[[],null],[[],null],[[],null]],"ignore":[],"code":true,"metadata":true,"ast":false,"comments":true,"compact":false,"minified":false,"sourceMap":true,"sourceMaps":true,"sourceMapTarget":"/imports/ui/body.js.map","sourceFileName":"/imports/ui/body.js","babelrc":false,"sourceType":"module","moduleIds":false,"passPerPreset":false,"parserOpts":false,"generatorOpts":false,"basename":"body"},"ignored":false,"code":"var Template;module.import('meteor/templating',{\"Template\":function(v){Template=v}});var ReactiveDict;module.import('meteor/reactive-dict',{\"ReactiveDict\":function(v){ReactiveDict=v}});var Items;module.import('../api/items.js',{\"Items\":function(v){Items=v}});module.import('./item.js');module.import('./body.html');\n\n\n\n\n\n\n// Template.body.onCreated(function bodyOnCreated() {\n// \tthis.state = new ReactiveDict();\n// });\n\nTemplate.body.helpers({\n  items: function () {\n    function items() {\n      // var instance = Template.instance();\n      // if(instance.state.get('hide-checked')){\n      // \treturn Items.find({checked: { $ne: true} }, {sort: { createdAt: -1} } );\n      // }\n      return Items.find({}, { sort: { createdAt: -1 } });\n    }\n\n    return items;\n  }()\n});\n\nTemplate.body.events({\n  'submit .new-item': function () {\n    function submitNewItem(event) {\n      event.preventDefault();\n      //get value from input element\n      var name = event.target.name.value;\n      var amount = event.target.amount.value;\n      //insert one item into the items collections\n      Items.insert({\n        name: name,\n        amount: amount,\n        owner: Meteor.userId(),\n        username: Meteor.user().username,\n        createdAt: new Date()\n      });\n      // Meteor.call('items.insert', name, amount);\n\n      //clear form\n      event.target.name.value = '';\n      event.target.amount.value = '';\n    }\n\n    return submitNewItem;\n  }(),\n\n  // 'change .hide-checked input': function(event, instance){\n  // \tinstance.state.set('hide-checked', event.target.checked);\n  // },\n\n  // 'change .clear-list': function(event, instance){\n  // \tinstance.state.set('clear-list', event.target.clicked);\n  // }\n\n  'click .clear-list': function () {\n    function clickClearList() {\n      $('li').remove();\n    }\n\n    return clickClearList;\n  }()\n});","ast":null,"map":{"version":3,"sources":["/imports/ui/body.js"],"names":["Template","ReactiveDict","Items","body","helpers","items","find","sort","createdAt","events","event","preventDefault","name","target","value","amount","insert","owner","Meteor","userId","username","user","Date","$","remove"],"mappings":"AAAA,SAASA,QAAT,QAAyB,mBAAzB;AACA,SAASC,YAAT,QAA6B,sBAA7B;AACA,SAASC,KAAT,QAAsB,iBAAtB;;AAEA,OAAO,WAAP;AACA,OAAO,aAAP;;AAEA;AACA;AACA;;AAEAF,SAASG,IAAT,CAAcC,OAAd,CAAsB;AAClBC;AAAO,qBAAU;AAChB;AACA;AACA;AACA;AACE,aAAOH,MAAMI,IAAN,CAAW,EAAX,EAAe,EAACC,MAAM,EAAEC,WAAW,CAAC,CAAd,EAAP,EAAf,CAAP;AACF;;AAND;AAAA;AADkB,CAAtB;;AAWAR,SAASG,IAAT,CAAcM,MAAd,CAAqB;AACpB;AAAoB,2BAASC,KAAT,EAAgB;AACnCA,YAAMC,cAAN;AACK;AACA,UAAIC,OAAOF,MAAMG,MAAN,CAAaD,IAAb,CAAkBE,KAA7B;AACA,UAAIC,SAASL,MAAMG,MAAN,CAAaE,MAAb,CAAoBD,KAAjC;AACA;AACAZ,YAAMc,MAAN,CAAa;AACXJ,cAAOA,IADI;AAEXG,gBAAQA,MAFG;AAGXE,eAAOC,OAAOC,MAAP,EAHI;AAIXC,kBAAUF,OAAOG,IAAP,GAAcD,QAJb;AAKXZ,mBAAY,IAAIc,IAAJ;AALD,OAAb;AAOC;;AAEF;AACCZ,YAAMG,MAAN,CAAaD,IAAb,CAAkBE,KAAlB,GAA0B,EAA1B;AACAJ,YAAMG,MAAN,CAAaE,MAAb,CAAoBD,KAApB,GAA4B,EAA5B;AACF;;AAlBJ;AAAA,KADoB;;AAqBjB;AACA;AACA;;AAEA;AACA;AACA;;AAEA;AAAqB,8BAAU;AAC9BS,QAAE,IAAF,EAAQC,MAAR;AAEA;;AAHD;AAAA;AA7BiB,CAArB","file":"/imports/ui/body.js.map","sourcesContent":["import { Template } from 'meteor/templating';\nimport { ReactiveDict } from 'meteor/reactive-dict';\nimport { Items } from '../api/items.js';\n\nimport './item.js';\nimport './body.html';\n\n// Template.body.onCreated(function bodyOnCreated() {\n// \tthis.state = new ReactiveDict();\n// });\n\nTemplate.body.helpers({\n    items: function(){\n    \t// var instance = Template.instance();\n    \t// if(instance.state.get('hide-checked')){\n    \t// \treturn Items.find({checked: { $ne: true} }, {sort: { createdAt: -1} } );\n    \t// }\n      \treturn Items.find({}, {sort: { createdAt: -1} } );\n    }\n});\n\n  \nTemplate.body.events({\n\t'submit .new-item': function(event) {\n\t\tevent.preventDefault();\n      \t//get value from input element\n      \tvar name = event.target.name.value;\n      \tvar amount = event.target.amount.value;\n      \t//insert one item into the items collections\n      \tItems.insert({\n        \tname : name,\n        \tamount: amount,\n        \towner: Meteor.userId(),\n        \tusername: Meteor.user().username,\n        \tcreatedAt : new Date()\n        });\n        // Meteor.call('items.insert', name, amount);\n\n      //clear form\n      \tevent.target.name.value = '';\n      \tevent.target.amount.value = ''; \n    },\n\n    // 'change .hide-checked input': function(event, instance){\n    // \tinstance.state.set('hide-checked', event.target.checked);\n    // },\n\n    // 'change .clear-list': function(event, instance){\n    // \tinstance.state.set('clear-list', event.target.clicked);\n    // }\n\n    'click .clear-list': function(){\n    \t$('li').remove();\n    \t\n    }\n});"]},"hash":"573d5df9d1ebbafb72f1bdaa54d59f49156ec64a"}
