{"metadata":{"usedHelpers":[],"marked":[],"modules":{"imports":[{"source":"meteor/templating","imported":["Template"],"specifiers":[{"kind":"named","imported":"Template","local":"Template"}]},{"source":"../api/items.js","imported":["Items"],"specifiers":[{"kind":"named","imported":"Items","local":"Items"}]},{"source":"./item.html","imported":[],"specifiers":[]}],"exports":{"exported":[],"specifiers":[]}}},"options":{"filename":"/imports/ui/item.js","filenameRelative":"/imports/ui/item.js","env":{"development":{"plugins":[]}},"retainLines":false,"highlightCode":true,"suppressDeprecationMessages":false,"presets":[],"plugins":[[[],{"polyfill":false}],[[],null],[[],null],[[],null],[[],null],[[],null],[[],null],[[],null],[[],null],[[],null],[[],null],[[],null],[[],null],[[],null],[[],null],[[],null],[[],{"loose":true}],[[],{"loose":true}],[[],null],[[],{"loose":true}],[[],null],[[],null],[[],null],[[],null],[[],null],[[],null],[[],null],[[],{"loose":true}],[[],null],[[],null],[[],null],[[],null],[[],null],[[],null],[[],null],[[],null]],"ignore":[],"code":true,"metadata":true,"ast":false,"comments":true,"compact":false,"minified":false,"sourceMap":true,"sourceMaps":true,"sourceMapTarget":"/imports/ui/item.js.map","sourceFileName":"/imports/ui/item.js","babelrc":false,"sourceType":"module","moduleIds":false,"passPerPreset":false,"parserOpts":false,"generatorOpts":false,"basename":"item"},"ignored":false,"code":"var Template;module.import('meteor/templating',{\"Template\":function(v){Template=v}});var Items;module.import('../api/items.js',{\"Items\":function(v){Items=v}});module.import('./item.html');\n\n\n\n\n// Template.item.helpers({\n\n\n// });\n\nTemplate.item.events({\n  'click.btn-danger': function () {\n    function clickBtnDanger() {\n      Items.remove(this._id);\n    }\n\n    return clickBtnDanger;\n  }()\n});","ast":null,"map":{"version":3,"sources":["/imports/ui/item.js"],"names":["Template","Items","item","events","remove","_id"],"mappings":"AAAA,SAASA,QAAT,QAAyB,mBAAzB;AACA,SAASC,KAAT,QAAsB,iBAAtB;;AAEA,OAAO,aAAP;;AAEA;;;AAGA;;AAEAD,SAASE,IAAT,CAAcC,MAAd,CAAqB;AACpB;AAAoB,8BAAW;AAC3BF,YAAMG,MAAN,CAAa,KAAKC,GAAlB;AACA;;AAFJ;AAAA;AADoB,CAArB","file":"/imports/ui/item.js.map","sourcesContent":["import { Template } from 'meteor/templating';\nimport { Items } from '../api/items.js';\n\nimport './item.html';\n\n// Template.item.helpers({\n  \n    \n// });\n\nTemplate.item.events({\n\t'click.btn-danger': function() {\n    \tItems.remove(this._id);\n    },\n    // 'click .toggle-checked': function(){\n    // // Set the checked property to the opposite of its current value\n    // \tItems.update(this._id, {\n    // \t\t$set: { checked: !this.checked },\n    // \t});\n    // },\n\n    \n});"]},"hash":"6b160bd83c867bb1a3340177a0706bbd48c68a0e"}
