{"metadata":{"usedHelpers":[],"marked":[],"modules":{"imports":[],"exports":{"exported":[],"specifiers":[]}}},"options":{"filename":"/packages/aldeed:template-extension/lib/template-replaces.js","filenameRelative":"/packages/aldeed:template-extension/lib/template-replaces.js","env":{"development":{"plugins":[]}},"retainLines":false,"highlightCode":true,"suppressDeprecationMessages":false,"presets":[],"plugins":[[[],{"polyfill":false}],[[],null],[[],null],[[],null],[[],null],[[],null],[[],null],[[],null],[[],null],[[],null],[[],null],[[],null],[[],null],[[],null],[[],null],[[],null],[[],{"loose":true}],[[],{"loose":true}],[[],null],[[],{"loose":true}],[[],null],[[],null],[[],null],[[],null],[[],null],[[],null],[[],null],[[],{"loose":true}],[[],null],[[],null],[[],null],[[],null],[[],null],[[],null],[[],null],[[],null]],"ignore":[],"code":true,"metadata":true,"ast":false,"comments":true,"compact":false,"minified":false,"sourceMap":true,"sourceMaps":true,"sourceMapTarget":"/packages/aldeed:template-extension/lib/template-replaces.js.map","sourceFileName":"/packages/aldeed:template-extension/lib/template-replaces.js","babelrc":false,"sourceType":"module","moduleIds":false,"passPerPreset":false,"parserOpts":false,"generatorOpts":false,"basename":"template-replaces"},"ignored":false,"code":"Template.prototype.replaces = function () {\n  function replaces(otherTemplate) {\n    var self = this;\n\n    function replaceRender(template) {\n      // String template names can be provided and template object is looked up\n      if (typeof template === 'string') template = Template[template];\n      if (!template) return;\n\n      template.renderFunction = self.renderFunction;\n    }\n\n    // Accept an array as otherTemplate argument\n    if (_.isArray(otherTemplate)) {\n      _.each(otherTemplate, replaceRender);\n    } else {\n      replaceRender(otherTemplate);\n    }\n  }\n\n  return replaces;\n}();","ast":null,"map":{"version":3,"sources":["/packages/aldeed:template-extension/lib/template-replaces.js"],"names":["Template","prototype","replaces","otherTemplate","self","replaceRender","template","renderFunction","_","isArray","each"],"mappings":"AAAAA,SAASC,SAAT,CAAmBC,QAAnB;AAA8B,WAASA,QAAT,CAAkBC,aAAlB,EAAiC;AAC7D,QAAIC,OAAO,IAAX;;AAEA,aAASC,aAAT,CAAuBC,QAAvB,EAAiC;AAC/B;AACA,UAAI,OAAOA,QAAP,KAAoB,QAAxB,EAAkCA,WAAWN,SAASM,QAAT,CAAX;AAClC,UAAI,CAACA,QAAL,EAAe;;AAEfA,eAASC,cAAT,GAA0BH,KAAKG,cAA/B;AACD;;AAED;AACA,QAAIC,EAAEC,OAAF,CAAUN,aAAV,CAAJ,EAA8B;AAC5BK,QAAEE,IAAF,CAAOP,aAAP,EAAsBE,aAAtB;AACD,KAFD,MAEO;AACLA,oBAAcF,aAAd;AACD;AACF;;AAjBD,SAAuCD,QAAvC;AAAA","file":"/packages/aldeed:template-extension/lib/template-replaces.js.map","sourcesContent":["Template.prototype.replaces = function replaces(otherTemplate) {\n  var self = this;\n\n  function replaceRender(template) {\n    // String template names can be provided and template object is looked up\n    if (typeof template === 'string') template = Template[template];\n    if (!template) return;\n\n    template.renderFunction = self.renderFunction;\n  }\n\n  // Accept an array as otherTemplate argument\n  if (_.isArray(otherTemplate)) {\n    _.each(otherTemplate, replaceRender);\n  } else {\n    replaceRender(otherTemplate);\n  }\n};\n"]},"hash":"71ce0541f1e381f5be9ee3a9a563bc46458fb6c0"}
