{"metadata":{"usedHelpers":[],"marked":[],"modules":{"imports":[{"source":"meteor/templating","imported":["Template"],"specifiers":[{"kind":"named","imported":"Template","local":"Template"}]},{"source":"../api/items.js","imported":["Items"],"specifiers":[{"kind":"named","imported":"Items","local":"Items"}]},{"source":"./item.js","imported":[],"specifiers":[]},{"source":"./body.html","imported":[],"specifiers":[]}],"exports":{"exported":[],"specifiers":[]}}},"options":{"filename":"/imports/ui/body.js","filenameRelative":"/imports/ui/body.js","env":{"development":{"plugins":[]}},"retainLines":false,"highlightCode":true,"suppressDeprecationMessages":false,"presets":[],"plugins":[[[],{"polyfill":false}],[[],null],[[],null],[[],null],[[],null],[[],null],[[],null],[[],null],[[],null],[[],null],[[],null],[[],null],[[],null],[[],null],[[],null],[[],null],[[],{"loose":true}],[[],{"loose":true}],[[],null],[[],{"loose":true}],[[],null],[[],null],[[],null],[[],null],[[],null],[[],null],[[],null],[[],{"loose":true}],[[],null],[[],null],[[],null],[[],null],[[],null],[[],null],[[],null],[[],null]],"ignore":[],"code":true,"metadata":true,"ast":false,"comments":true,"compact":false,"minified":false,"sourceMap":true,"sourceMaps":true,"sourceMapTarget":"/imports/ui/body.js.map","sourceFileName":"/imports/ui/body.js","babelrc":false,"sourceType":"module","moduleIds":false,"passPerPreset":false,"parserOpts":false,"generatorOpts":false,"basename":"body"},"ignored":false,"code":"var Template;module.import('meteor/templating',{\"Template\":function(v){Template=v}});var Items;module.import('../api/items.js',{\"Items\":function(v){Items=v}});module.import('./item.js');module.import('./body.html');\n\n\n\n\nTemplate.body.helpers({\n  items: function () {\n    function items() {\n      return Items.find({}, { sort: { createdAt: -1 } });\n    }\n\n    return items;\n  }()\n});\n\nTemplate.body.events({\n  'submit .new-item': function () {\n    function submitNewItem(event) {\n      event.preventDefault();\n      //get value from input element\n      var name = event.target.name.value;\n      var amount = event.target.amount.value;\n      //insert one item into the items collections\n      Items.insert({\n        name: name,\n        amount: amount,\n        createdAt: new Date()\n      });\n\n      //clear form\n      event.target.name.value = '';\n      event.target.amount.value = '';\n    }\n\n    return submitNewItem;\n  }(),\n  'click .clear-list': function () {\n    function clickClearList() {\n      Items.remove(all._id);\n    }\n\n    return clickClearList;\n  }()\n});","ast":null,"map":{"version":3,"sources":["/imports/ui/body.js"],"names":["Template","Items","body","helpers","items","find","sort","createdAt","events","event","preventDefault","name","target","value","amount","insert","Date","remove","all","_id"],"mappings":"AAAA,SAASA,QAAT,QAAyB,mBAAzB;AACA,SAASC,KAAT,QAAsB,iBAAtB;AACA,OAAO,WAAP;AACA,OAAO,aAAP;;AAGAD,SAASE,IAAT,CAAcC,OAAd,CAAsB;AAClBC;AAAO,qBAAU;AACf,aAAOH,MAAMI,IAAN,CAAW,EAAX,EAAe,EAACC,MAAM,EAAEC,WAAW,CAAC,CAAd,EAAP,EAAf,CAAP;AACD;;AAFD;AAAA;AADkB,CAAtB;;AAOAP,SAASE,IAAT,CAAcM,MAAd,CAAqB;AACpB;AAAoB,2BAASC,KAAT,EAAgB;AACnCA,YAAMC,cAAN;AACK;AACA,UAAIC,OAAOF,MAAMG,MAAN,CAAaD,IAAb,CAAkBE,KAA7B;AACA,UAAIC,SAASL,MAAMG,MAAN,CAAaE,MAAb,CAAoBD,KAAjC;AACA;AACAZ,YAAMc,MAAN,CAAa;AACXJ,cAAOA,IADI;AAEXG,gBAAQA,MAFG;AAGXP,mBAAY,IAAIS,IAAJ;AAHD,OAAb;;AAMD;AACCP,YAAMG,MAAN,CAAaD,IAAb,CAAkBE,KAAlB,GAA0B,EAA1B;AACAJ,YAAMG,MAAN,CAAaE,MAAb,CAAoBD,KAApB,GAA4B,EAA5B;AACF;;AAfJ;AAAA,KADoB;AAiBjB;AAAqB,8BAAU;AAC9BZ,YAAMgB,MAAN,CAAaC,IAAIC,GAAjB;AACA;;AAFD;AAAA;AAjBiB,CAArB","file":"/imports/ui/body.js.map","sourcesContent":["import { Template } from 'meteor/templating';\nimport { Items } from '../api/items.js';\nimport './item.js';\nimport './body.html';\n\n\nTemplate.body.helpers({\n    items: function(){\n      return Items.find({}, {sort: { createdAt: -1} } );\n    }\n});\n\n  \nTemplate.body.events({\n\t'submit .new-item': function(event) {\n\t\tevent.preventDefault();\n      \t//get value from input element\n      \tvar name = event.target.name.value;\n      \tvar amount = event.target.amount.value;\n      \t//insert one item into the items collections\n      \tItems.insert({\n        \tname : name,\n        \tamount: amount,\n        \tcreatedAt : new Date()\n        });\n\n      //clear form\n      \tevent.target.name.value = '';\n      \tevent.target.amount.value = ''; \n    },\n    'click .clear-list': function(){\n    \tItems.remove(all._id);\n    }\n});"]},"hash":"72ad77d081839277b8bc4a0b0e33160fb007dc79"}
