{"metadata":{"usedHelpers":[],"marked":[],"modules":{"imports":[{"source":"meteor/templating","imported":["Template"],"specifiers":[{"kind":"named","imported":"Template","local":"Template"}]},{"source":"./body.html","imported":[],"specifiers":[]},{"source":"./item.html","imported":[],"specifiers":[]}],"exports":{"exported":[],"specifiers":[]}}},"options":{"filename":"/imports/ui/body.js","filenameRelative":"/imports/ui/body.js","env":{"development":{"plugins":[]}},"retainLines":false,"highlightCode":true,"suppressDeprecationMessages":false,"presets":[],"plugins":[[[],{"polyfill":false}],[[],null],[[],null],[[],null],[[],null],[[],null],[[],null],[[],null],[[],null],[[],null],[[],null],[[],null],[[],null],[[],null],[[],null],[[],null],[[],{"loose":true}],[[],{"loose":true}],[[],null],[[],{"loose":true}],[[],null],[[],null],[[],null],[[],null],[[],null],[[],null],[[],null],[[],{"loose":true}],[[],null],[[],null],[[],null],[[],null],[[],null],[[],null],[[],null],[[],null]],"ignore":[],"code":true,"metadata":true,"ast":false,"comments":true,"compact":false,"minified":false,"sourceMap":true,"sourceMaps":true,"sourceMapTarget":"/imports/ui/body.js.map","sourceFileName":"/imports/ui/body.js","babelrc":false,"sourceType":"module","moduleIds":false,"passPerPreset":false,"parserOpts":false,"generatorOpts":false,"basename":"body"},"ignored":false,"code":"var Template;module.import('meteor/templating',{\"Template\":function(v){Template=v}});module.import('./body.html');module.import('./item.html');\n\n\n\nTemplate.body.helpers({\n  items: function () {\n    function items() {\n      return Items.find({}, { sort: { createdAt: -1 } });\n    }\n\n    return items;\n  }()\n});\n\nTemplate.body.events({\n  'click.new-item': function () {\n    function clickNewItem(event) {\n      event.preventDefault();\n      //get value from input element\n      var item = event.target.name.value;\n      // var amount = event.target.amount.value;\n      //insert one item into the items collections\n      Items.insert({\n        name: item,\n        // amount,\n        createdAt: new Date()\n      });\n\n      //clear form\n      event.target.name.value = '';\n      // event.target.amount.value ='';\n    }\n\n    return clickNewItem;\n  }()\n});","ast":null,"map":{"version":3,"sources":["/imports/ui/body.js"],"names":["Template","body","helpers","items","Items","find","sort","createdAt","events","event","preventDefault","item","target","name","value","insert","Date"],"mappings":"AAAA,SAASA,QAAT,QAAyB,mBAAzB;AACA,OAAO,aAAP;AACA,OAAO,aAAP;;AAEAA,SAASC,IAAT,CAAcC,OAAd,CAAsB;AAClBC;AAAO,qBAAU;AACf,aAAOC,MAAMC,IAAN,CAAW,EAAX,EAAe,EAACC,MAAM,EAAEC,WAAW,CAAC,CAAd,EAAP,EAAf,CAAP;AACD;;AAFD;AAAA;AADkB,CAAtB;;AAMEP,SAASC,IAAT,CAAcO,MAAd,CAAqB;AACnB;AAAkB,0BAASC,KAAT,EAAgB;AAChCA,YAAMC,cAAN;AACA;AACA,UAAIC,OAAOF,MAAMG,MAAN,CAAaC,IAAb,CAAkBC,KAA7B;AACA;AACA;AACAV,YAAMW,MAAN,CAAa;AACXF,cAAOF,IADI;AAEX;AACAJ,mBAAY,IAAIS,IAAJ;AAHD,OAAb;;AAMA;AACAP,YAAMG,MAAN,CAAaC,IAAb,CAAkBC,KAAlB,GAA0B,EAA1B;AACA;AAED;;AAhBD;AAAA;AADmB,CAArB","file":"/imports/ui/body.js.map","sourcesContent":["import { Template } from 'meteor/templating';\nimport './body.html';\nimport './item.html';\n\nTemplate.body.helpers({\n    items: function(){\n      return Items.find({}, {sort: { createdAt: -1} } );\n    }\n  });\n\n  Template.body.events({\n    'click.new-item': function(event) {\n      event.preventDefault();\n      //get value from input element\n      var item = event.target.name.value;\n      // var amount = event.target.amount.value;\n      //insert one item into the items collections\n      Items.insert({\n        name : item,\n        // amount,\n        createdAt : new Date()\n        });\n\n      //clear form\n      event.target.name.value = '';\n      // event.target.amount.value ='';\n     \n    }\n  });"]},"hash":"763f272d33b59243a7746762d4ecd7aa05c3256e"}
