{"metadata":{"usedHelpers":[],"marked":[],"modules":{"imports":[{"source":"meteor/mongo","imported":["Mongo"],"specifiers":[{"kind":"named","imported":"Mongo","local":"Mongo"}]}],"exports":{"exported":["Items"],"specifiers":[{"kind":"local","local":"Items","exported":"Items"}]}}},"options":{"filename":"/imports/api/items.js","filenameRelative":"/imports/api/items.js","env":{"development":{"plugins":[]}},"retainLines":false,"highlightCode":true,"suppressDeprecationMessages":false,"presets":[],"plugins":[[[],{"polyfill":false}],[[],null],[[],null],[[],null],[[],null],[[],null],[[],null],[[],null],[[],null],[[],null],[[],null],[[],null],[[],null],[[],null],[[],null],[[],null],[[],{"loose":true}],[[],{"loose":true}],[[],null],[[],{"loose":true}],[[],null],[[],null],[[],null],[[],null],[[],null],[[],null],[[],null],[[],{"loose":true}],[[],null],[[],null],[[],null],[[],null],[[],null],[[],null],[[],null],[[],null]],"ignore":[],"code":true,"metadata":true,"ast":false,"comments":true,"compact":false,"minified":false,"sourceMap":true,"sourceMaps":true,"sourceMapTarget":"/imports/api/items.js.map","sourceFileName":"/imports/api/items.js","babelrc":false,"sourceType":"module","moduleIds":false,"passPerPreset":false,"parserOpts":false,"generatorOpts":false,"basename":"items"},"ignored":false,"code":"module.export({Items:function(){return Items}});var Mongo;module.import('meteor/mongo',{\"Mongo\":function(v){Mongo=v}});\nvar Items = new Mongo.Collection('items');","ast":null,"map":{"version":3,"sources":["/imports/api/items.js"],"names":["Mongo","Items","Collection"],"mappings":"AAAA,SAASA,KAAT,QAAsB,cAAtB;AACA,OAAO,IAAIC,QAAQ,IAAID,MAAME,UAAV,CAAqB,OAArB,CAAZ","file":"/imports/api/items.js.map","sourcesContent":["import { Mongo } from 'meteor/mongo';\nexport var Items = new Mongo.Collection('items');\n\n"]},"hash":"7b4994221ca1c4afb9ab08b1532f1a3361430222"}
