{"metadata":{"usedHelpers":[],"marked":[],"modules":{"imports":[{"source":"meteor/mongo","imported":["Mongo"],"specifiers":[{"kind":"named","imported":"Mongo","local":"Mongo"}]},{"source":"./item.html","imported":[],"specifiers":[]}],"exports":{"exported":["Items"],"specifiers":[{"kind":"local","local":"Items","exported":"Items"}]}}},"options":{"filename":"/imports/api/items.js","filenameRelative":"/imports/api/items.js","env":{"development":{"plugins":[]}},"retainLines":false,"highlightCode":true,"suppressDeprecationMessages":false,"presets":[],"plugins":[[[],{"polyfill":false}],[[],null],[[],null],[[],null],[[],null],[[],null],[[],null],[[],null],[[],null],[[],null],[[],null],[[],null],[[],null],[[],null],[[],null],[[],null],[[],{"loose":true}],[[],{"loose":true}],[[],null],[[],{"loose":true}],[[],null],[[],null],[[],null],[[],null],[[],null],[[],null],[[],null],[[],{"loose":true}],[[],null],[[],null],[[],null],[[],null],[[],null],[[],null],[[],null],[[],null]],"ignore":[],"code":true,"metadata":true,"ast":false,"comments":true,"compact":false,"minified":false,"sourceMap":true,"sourceMaps":true,"sourceMapTarget":"/imports/api/items.js.map","sourceFileName":"/imports/api/items.js","babelrc":false,"sourceType":"module","moduleIds":false,"passPerPreset":false,"parserOpts":false,"generatorOpts":false,"basename":"items"},"ignored":false,"code":"module.export({Items:function(){return Items}});var Mongo;module.import('meteor/mongo',{\"Mongo\":function(v){Mongo=v}});module.import('./item.html');\nvar Items = new Mongo.Collection('items');\n","ast":null,"map":{"version":3,"sources":["/imports/api/items.js"],"names":["Mongo","Items","Collection"],"mappings":"AAAA,SAASA,KAAT,QAAsB,cAAtB;AACA,OAAO,IAAMC,QAAQ,IAAID,MAAME,UAAV,CAAqB,OAArB,CAAd;AACP,OAAO,aAAP","file":"/imports/api/items.js.map","sourcesContent":["import { Mongo } from 'meteor/mongo';\nexport const Items = new Mongo.Collection('items');\nimport './item.html';"]},"hash":"7d8ce0c479d2031dc48f172c82ae014dfe410713"}
