{"metadata":{"usedHelpers":[],"marked":[],"modules":{"imports":[{"source":"meteor/mongo","imported":["Mongo"],"specifiers":[{"kind":"named","imported":"Mongo","local":"Mongo"}]},{"source":"./item.html","imported":[],"specifiers":[]}],"exports":{"exported":["Items"],"specifiers":[{"kind":"local","local":"Items","exported":"Items"}]}}},"options":{"filename":"/imports/api/items.js","filenameRelative":"/imports/api/items.js","env":{"development":{"plugins":[]}},"retainLines":false,"highlightCode":true,"suppressDeprecationMessages":false,"presets":[],"plugins":[[[],{"polyfill":false}],[[],null],[[],null],[[],null],[[],null],[[],null],[[],null],[[],null],[[],null],[[],null],[[],null],[[],null],[[],null],[[],null],[[],null],[[],null],[[],{"loose":true}],[[],{"loose":true}],[[],null],[[],{"loose":true}],[[],null],[[],null],[[],null],[[],null],[[],null],[[],null],[[],null],[[],{"loose":true}],[[],null],[[],null],[[],null],[[],null],[[],null],[[],null],[[],null],[[],null]],"ignore":[],"code":true,"metadata":true,"ast":false,"comments":true,"compact":false,"minified":false,"sourceMap":true,"sourceMaps":true,"sourceMapTarget":"/imports/api/items.js.map","sourceFileName":"/imports/api/items.js","babelrc":false,"sourceType":"module","moduleIds":false,"passPerPreset":false,"parserOpts":false,"generatorOpts":false,"basename":"items"},"ignored":false,"code":"module.export({Items:function(){return Items}});var Mongo;module.import('meteor/mongo',{\"Mongo\":function(v){Mongo=v}});module.import('./item.html');\nvar Items = new Mongo.Collection('items');\n\n\n\n// Template.item.helpers({\n\n\n// });\n\nTemplate.item.events({\n    'click.toggle-checked': function () {\n        function clickToggleChecked() {\n            // Set the checked property to the opposite of its current value\n            Items.update(this._id, {\n                $set: { checked: !this.checked }\n            });\n        }\n\n        return clickToggleChecked;\n    }(),\n\n    'click.btn-danger': function () {\n        function clickBtnDanger() {\n            Items.remove(this._id);\n        }\n\n        return clickBtnDanger;\n    }()\n});","ast":null,"map":{"version":3,"sources":["/imports/api/items.js"],"names":["Mongo","Items","Collection","Template","item","events","update","_id","$set","checked","remove"],"mappings":"AAAA,SAASA,KAAT,QAAsB,cAAtB;AACA,OAAO,IAAMC,QAAQ,IAAID,MAAME,UAAV,CAAqB,OAArB,CAAd;;AAEP,OAAO,aAAP;;AAEA;;;AAGA;;AAEAC,SAASC,IAAT,CAAcC,MAAd,CAAqB;AACjB;AAAwB,sCAAU;AAClC;AACCJ,kBAAMK,MAAN,CAAa,KAAKC,GAAlB,EAAuB;AACtBC,sBAAM,EAAEC,SAAS,CAAC,KAAKA,OAAjB;AADgB,aAAvB;AAGC;;AALF;AAAA,OADiB;;AAQjB;AAAoB,kCAAW;AAC9BR,kBAAMS,MAAN,CAAa,KAAKH,GAAlB;AACA;;AAFD;AAAA;AARiB,CAArB","file":"/imports/api/items.js.map","sourcesContent":["import { Mongo } from 'meteor/mongo';\nexport const Items = new Mongo.Collection('items');\n\nimport './item.html';\n\n// Template.item.helpers({\n  \n    \n// });\n\nTemplate.item.events({\n    'click.toggle-checked': function(){\n    // Set the checked property to the opposite of its current value\n    \tItems.update(this._id, {\n    \t\t$set: { checked: !this.checked }\n    \t});\n     },\n\n    'click.btn-danger': function() {\n    \tItems.remove(this._id);\n    }\n});"]},"hash":"83dd6529a2480d2f6e8f7fc64718150c9951b8b6"}
