{"metadata":{"usedHelpers":[],"marked":[],"modules":{"imports":[],"exports":{"exported":[],"specifiers":[]}}},"options":{"filename":"/packages/aldeed:template-extension/lib/template-instance-parent.js","filenameRelative":"/packages/aldeed:template-extension/lib/template-instance-parent.js","env":{"development":{"plugins":[]}},"retainLines":false,"highlightCode":true,"suppressDeprecationMessages":false,"presets":[],"plugins":[[[],{"polyfill":false}],[[],null],[[],null],[[],null],[[],null],[[],null],[[],null],[[],null],[[],null],[[],null],[[],null],[[],null],[[],null],[[],null],[[],null],[[],null],[[],{"loose":true}],[[],{"loose":true}],[[],null],[[],{"loose":true}],[[],null],[[],null],[[],null],[[],null],[[],null],[[],null],[[],null],[[],{"loose":true}],[[],null],[[],null],[[],null],[[],null],[[],null],[[],null],[[],null],[[],null]],"ignore":[],"code":true,"metadata":true,"ast":false,"comments":true,"compact":false,"minified":false,"sourceMap":true,"sourceMaps":true,"sourceMapTarget":"/packages/aldeed:template-extension/lib/template-instance-parent.js.map","sourceFileName":"/packages/aldeed:template-extension/lib/template-instance-parent.js","babelrc":false,"sourceType":"module","moduleIds":false,"passPerPreset":false,"parserOpts":false,"generatorOpts":false,"basename":"template-instance-parent"},"ignored":false,"code":"// Access parent template instance. \"height\" is the number of levels beyond the\n// current template instance to look. By default block helper template instances\n// are skipped, but if \"includeBlockHelpers\" is set to true, they are not.\n// See https://github.com/meteor/meteor/issues/3071\nBlaze.TemplateInstance.prototype.parent = function () {\n  function parent(height, includeBlockHelpers) {\n    // If height is null or undefined, we default to 1, the first parent.\n    if (height == null) height = 1;\n\n    var i = 0;\n    var template = this;\n    while (i < height && template) {\n      var view = parentView(template.view, includeBlockHelpers);\n      // We skip contentBlock views which are injected by Meteor when using\n      // block helpers (in addition to block helper view). This matches more\n      // the visual structure of templates and not the internal implementation.\n      while (view && (!view.template || view.name === '(contentBlock)' || view.name === '(elseBlock)')) {\n        view = parentView(view, includeBlockHelpers);\n      }\n      if (!view) return null;\n      // Body view has template field, but not templateInstance,\n      // which more or less signals that we reached the top.\n      template = typeof view.templateInstance === 'function' ? view.templateInstance() : null;\n      i++;\n    }\n    return template;\n  }\n\n  return parent;\n}();\n\nfunction parentView(view, includeBlockHelpers) {\n  if (includeBlockHelpers) return view.originalParentView || view.parentView;\n  return view.parentView;\n}","ast":null,"map":{"version":3,"sources":["/packages/aldeed:template-extension/lib/template-instance-parent.js"],"names":["Blaze","TemplateInstance","prototype","parent","height","includeBlockHelpers","i","template","view","parentView","name","templateInstance","originalParentView"],"mappings":"AAAA;AACA;AACA;AACA;AACAA,MAAMC,gBAAN,CAAuBC,SAAvB,CAAiCC,MAAjC;AAA0C,WAASA,MAAT,CAAgBC,MAAhB,EAAwBC,mBAAxB,EAA6C;AACrF;AACA,QAAID,UAAU,IAAd,EAAoBA,SAAS,CAAT;;AAEpB,QAAIE,IAAI,CAAR;AACA,QAAIC,WAAW,IAAf;AACA,WAAOD,IAAIF,MAAJ,IAAcG,QAArB,EAA+B;AAC7B,UAAIC,OAAOC,WAAWF,SAASC,IAApB,EAA0BH,mBAA1B,CAAX;AACA;AACA;AACA;AACA,aAAOG,SAAS,CAACA,KAAKD,QAAN,IAAkBC,KAAKE,IAAL,KAAc,gBAAhC,IAAoDF,KAAKE,IAAL,KAAc,aAA3E,CAAP,EAAkG;AAChGF,eAAOC,WAAWD,IAAX,EAAiBH,mBAAjB,CAAP;AACD;AACD,UAAI,CAACG,IAAL,EAAW,OAAO,IAAP;AACX;AACA;AACAD,iBAAW,OAAOC,KAAKG,gBAAZ,KAAiC,UAAjC,GAA8CH,KAAKG,gBAAL,EAA9C,GAAwE,IAAnF;AACAL;AACD;AACD,WAAOC,QAAP;AACD;;AArBD,SAAmDJ,MAAnD;AAAA;;AAuBA,SAASM,UAAT,CAAoBD,IAApB,EAA0BH,mBAA1B,EAA+C;AAC7C,MAAIA,mBAAJ,EAAyB,OAAOG,KAAKI,kBAAL,IAA2BJ,KAAKC,UAAvC;AACzB,SAAOD,KAAKC,UAAZ;AACD","file":"/packages/aldeed:template-extension/lib/template-instance-parent.js.map","sourcesContent":["// Access parent template instance. \"height\" is the number of levels beyond the\n// current template instance to look. By default block helper template instances\n// are skipped, but if \"includeBlockHelpers\" is set to true, they are not.\n// See https://github.com/meteor/meteor/issues/3071\nBlaze.TemplateInstance.prototype.parent = function parent(height, includeBlockHelpers) {\n  // If height is null or undefined, we default to 1, the first parent.\n  if (height == null) height = 1;\n\n  var i = 0;\n  var template = this;\n  while (i < height && template) {\n    var view = parentView(template.view, includeBlockHelpers);\n    // We skip contentBlock views which are injected by Meteor when using\n    // block helpers (in addition to block helper view). This matches more\n    // the visual structure of templates and not the internal implementation.\n    while (view && (!view.template || view.name === '(contentBlock)' || view.name === '(elseBlock)')) {\n      view = parentView(view, includeBlockHelpers);\n    }\n    if (!view) return null;\n    // Body view has template field, but not templateInstance,\n    // which more or less signals that we reached the top.\n    template = typeof view.templateInstance === 'function' ? view.templateInstance() : null;\n    i++;\n  }\n  return template;\n};\n\nfunction parentView(view, includeBlockHelpers) {\n  if (includeBlockHelpers) return view.originalParentView || view.parentView;\n  return view.parentView;\n}\n"]},"hash":"83f52e8fa55b911c7eaaf49aa686821bc8e3c05c"}
