{"metadata":{"usedHelpers":[],"marked":[],"modules":{"imports":[],"exports":{"exported":[],"specifiers":[]}}},"options":{"filename":"/packages/aldeed:template-extension/lib/template-inherits-events-from.js","filenameRelative":"/packages/aldeed:template-extension/lib/template-inherits-events-from.js","env":{"development":{"plugins":[]}},"retainLines":false,"highlightCode":true,"suppressDeprecationMessages":false,"presets":[],"plugins":[[[],{"polyfill":false}],[[],null],[[],null],[[],null],[[],null],[[],null],[[],null],[[],null],[[],null],[[],null],[[],null],[[],null],[[],null],[[],null],[[],null],[[],null],[[],{"loose":true}],[[],{"loose":true}],[[],null],[[],{"loose":true}],[[],null],[[],null],[[],null],[[],null],[[],null],[[],null],[[],null],[[],{"loose":true}],[[],null],[[],null],[[],null],[[],null],[[],null],[[],null],[[],null],[[],null]],"ignore":[],"code":true,"metadata":true,"ast":false,"comments":true,"compact":false,"minified":false,"sourceMap":true,"sourceMaps":true,"sourceMapTarget":"/packages/aldeed:template-extension/lib/template-inherits-events-from.js.map","sourceFileName":"/packages/aldeed:template-extension/lib/template-inherits-events-from.js","babelrc":false,"sourceType":"module","moduleIds":false,"passPerPreset":false,"parserOpts":false,"generatorOpts":false,"basename":"template-inherits-events-from"},"ignored":false,"code":"Template.prototype.inheritsEventsFrom = function () {\n  function inheritsEventsFrom(otherTemplate) {\n    var self = this;\n\n    self.__eventMaps = self.__eventMaps || [];\n\n    function inheritEvents(template) {\n      // String template names can be provided and template object is looked up\n      if (typeof template === 'string') template = Template[template];\n      if (!template) return;\n\n      self.__eventMaps = self.__eventMaps.concat(template.__eventMaps);\n    }\n\n    // Accept an array as otherTemplate argument\n    if (_.isArray(otherTemplate)) {\n      _.each(otherTemplate, inheritEvents);\n    } else {\n      //otherTemplate is a string\n      inheritEvents(otherTemplate);\n    }\n  }\n\n  return inheritsEventsFrom;\n}();","ast":null,"map":{"version":3,"sources":["/packages/aldeed:template-extension/lib/template-inherits-events-from.js"],"names":["Template","prototype","inheritsEventsFrom","otherTemplate","self","__eventMaps","inheritEvents","template","concat","_","isArray","each"],"mappings":"AAAAA,SAASC,SAAT,CAAmBC,kBAAnB;AAAwC,WAASA,kBAAT,CAA4BC,aAA5B,EAA2C;AACjF,QAAIC,OAAO,IAAX;;AAEAA,SAAKC,WAAL,GAAmBD,KAAKC,WAAL,IAAoB,EAAvC;;AAEA,aAASC,aAAT,CAAuBC,QAAvB,EAAiC;AAC/B;AACA,UAAI,OAAOA,QAAP,KAAoB,QAAxB,EAAkCA,WAAWP,SAASO,QAAT,CAAX;AAClC,UAAI,CAACA,QAAL,EAAe;;AAEfH,WAAKC,WAAL,GAAmBD,KAAKC,WAAL,CAAiBG,MAAjB,CAAwBD,SAASF,WAAjC,CAAnB;AACD;;AAED;AACA,QAAII,EAAEC,OAAF,CAAUP,aAAV,CAAJ,EAA8B;AAC5BM,QAAEE,IAAF,CAAOR,aAAP,EAAsBG,aAAtB;AACD,KAFD,MAEO;AAAE;AACPA,oBAAcH,aAAd;AACD;AACF;;AAnBD,SAAiDD,kBAAjD;AAAA","file":"/packages/aldeed:template-extension/lib/template-inherits-events-from.js.map","sourcesContent":["Template.prototype.inheritsEventsFrom = function inheritsEventsFrom(otherTemplate) {\n  var self = this;\n  \n  self.__eventMaps = self.__eventMaps || [];\n\n  function inheritEvents(template) {\n    // String template names can be provided and template object is looked up\n    if (typeof template === 'string') template = Template[template];\n    if (!template) return;\n    \n    self.__eventMaps = self.__eventMaps.concat(template.__eventMaps);\n  }\n\n  // Accept an array as otherTemplate argument\n  if (_.isArray(otherTemplate)) {\n    _.each(otherTemplate, inheritEvents);\n  } else { //otherTemplate is a string\n    inheritEvents(otherTemplate);\n  }\n};\n"]},"hash":"a5a67a6b422e1988011a888a1431442ce1d64821"}
