{"metadata":{"usedHelpers":[],"marked":[],"modules":{"imports":[{"source":"meteor/meteor","imported":["Meteor"],"specifiers":[{"kind":"named","imported":"Meteor","local":"Meteor"}]},{"source":"meteor/mongo","imported":["Mongo"],"specifiers":[{"kind":"named","imported":"Mongo","local":"Mongo"}]},{"source":"meteor/check","imported":["check"],"specifiers":[{"kind":"named","imported":"check","local":"check"}]}],"exports":{"exported":["Items"],"specifiers":[{"kind":"local","local":"Items","exported":"Items"}]}}},"options":{"filename":"/imports/api/items.js","filenameRelative":"/imports/api/items.js","env":{"development":{"plugins":[]}},"retainLines":false,"highlightCode":true,"suppressDeprecationMessages":false,"presets":[],"plugins":[[[],{"polyfill":false}],[[],null],[[],null],[[],null],[[],null],[[],null],[[],null],[[],null],[[],null],[[],null],[[],null],[[],null],[[],null],[[],null],[[],null],[[],null],[[],{"loose":true}],[[],{"loose":true}],[[],null],[[],{"loose":true}],[[],null],[[],null],[[],null],[[],null],[[],null],[[],null],[[],null],[[],{"loose":true}],[[],null],[[],null],[[],null],[[],null],[[],null],[[],null],[[],null],[[],null]],"ignore":[],"code":true,"metadata":true,"ast":false,"comments":true,"compact":false,"minified":false,"sourceMap":true,"sourceMaps":true,"sourceMapTarget":"/imports/api/items.js.map","sourceFileName":"/imports/api/items.js","babelrc":false,"sourceType":"module","moduleIds":false,"passPerPreset":false,"parserOpts":false,"generatorOpts":false,"basename":"items"},"ignored":false,"code":"module.export({Items:function(){return Items}});var Meteor;module.import('meteor/meteor',{\"Meteor\":function(v){Meteor=v}});var Mongo;module.import('meteor/mongo',{\"Mongo\":function(v){Mongo=v}});var check;module.import('meteor/check',{\"check\":function(v){check=v}});\n\n\n\nvar Items = new Mongo.Collection('items');\n\n// Meteor.methods({\n\n// \t'items.insert': function(name, amount){\n// \t\tcheck(name, String);\n// \t\tcheck(amount, String);\n\n// \t// is user loggin in before adding items\n// \t\tif(!userId){\n// \t\t\tthrow new Meteor.Error('not-authorized');\n// \t\t}\n// \t\tItems.insert({\n// \t        name : name,\n// \t        amount: amount,\n// \t        owner: this.userId(),\n// \t        username: Meteor.users.findOne(this.userId).username,\n// \t        createdAt : new Date()\n// \t    });\n// \t},\n\n// \t'items.remove': function(itemId){\n// \t\tcheck(itemId, String);\n// \t\tItems.remove(itemId);\n// \t},\n\n// \t'items.setChecked': function(itemId, setChecked){\n// \t\tcheck(itemId, String);\n// \t\tcheck(setChecked, Boolean);\n\n// \t\tItems.update(itemId, {\n// \t\t\t$set: { checked: setChecked } });\n// \t}\n// });","ast":null,"map":{"version":3,"sources":["/imports/api/items.js"],"names":["Meteor","Mongo","check","Items","Collection"],"mappings":"AAAA,SAASA,MAAT,QAAuB,eAAvB;AACA,SAASC,KAAT,QAAsB,cAAtB;AACA,SAASC,KAAT,QAAsB,cAAtB;;AAEA,OAAO,IAAIC,QAAQ,IAAIF,MAAMG,UAAV,CAAqB,OAArB,CAAZ;;AAEP;;AAEA;AACA;AACA;;AAEA;AACA;AACA;AACA;AACA;AACA;AACA;AACA;AACA;AACA;AACA;AACA;;AAEA;AACA;AACA;AACA;;AAEA;AACA;AACA;;AAEA;AACA;AACA;AACA","file":"/imports/api/items.js.map","sourcesContent":["import { Meteor } from 'meteor/meteor';\nimport { Mongo } from 'meteor/mongo';\nimport { check } from 'meteor/check';\n\nexport var Items = new Mongo.Collection('items');\n\n// Meteor.methods({\n\n// \t'items.insert': function(name, amount){\n// \t\tcheck(name, String);\n// \t\tcheck(amount, String);\n\t\n// \t// is user loggin in before adding items\n// \t\tif(!userId){\n// \t\t\tthrow new Meteor.Error('not-authorized');\n// \t\t}\n// \t\tItems.insert({\n// \t        name : name,\n// \t        amount: amount,\n// \t        owner: this.userId(),\n// \t        username: Meteor.users.findOne(this.userId).username,\n// \t        createdAt : new Date()\n// \t    });\n// \t},\n\n// \t'items.remove': function(itemId){\n// \t\tcheck(itemId, String);\n// \t\tItems.remove(itemId);\n// \t},\n\n// \t'items.setChecked': function(itemId, setChecked){\n// \t\tcheck(itemId, String);\n// \t\tcheck(setChecked, Boolean);\n\n// \t\tItems.update(itemId, {\n// \t\t\t$set: { checked: setChecked } });\n// \t}\n// });\n"]},"hash":"b22d64747724f017fff606f9942dbe38a442bc9d"}
