{"metadata":{"usedHelpers":[],"marked":[],"modules":{"imports":[{"source":"meteor/meteor","imported":["Meteor"],"specifiers":[{"kind":"named","imported":"Meteor","local":"Meteor"}]},{"source":"meteor/mongo","imported":["Mongo"],"specifiers":[{"kind":"named","imported":"Mongo","local":"Mongo"}]},{"source":"meteor/check","imported":["check"],"specifiers":[{"kind":"named","imported":"check","local":"check"}]}],"exports":{"exported":["Items"],"specifiers":[{"kind":"local","local":"Items","exported":"Items"}]}}},"options":{"filename":"/imports/api/items.js","filenameRelative":"/imports/api/items.js","env":{"development":{"plugins":[]}},"retainLines":false,"highlightCode":true,"suppressDeprecationMessages":false,"presets":[],"plugins":[[[],{"polyfill":false}],[[],null],[[],null],[[],null],[[],null],[[],null],[[],null],[[],null],[[],null],[[],null],[[],null],[[],null],[[],null],[[],null],[[],null],[[],null],[[],{"loose":true}],[[],{"loose":true}],[[],null],[[],{"loose":true}],[[],null],[[],null],[[],null],[[],null],[[],null],[[],null],[[],null],[[],{"loose":true}],[[],null],[[],null],[[],null],[[],null],[[],null],[[],null],[[],null],[[],null]],"ignore":[],"code":true,"metadata":true,"ast":false,"comments":true,"compact":false,"minified":false,"sourceMap":true,"sourceMaps":true,"sourceMapTarget":"/imports/api/items.js.map","sourceFileName":"/imports/api/items.js","babelrc":false,"sourceType":"module","moduleIds":false,"passPerPreset":false,"parserOpts":false,"generatorOpts":false,"basename":"items"},"ignored":false,"code":"module.export({Items:function(){return Items}});var Meteor;module.import('meteor/meteor',{\"Meteor\":function(v){Meteor=v}});var Mongo;module.import('meteor/mongo',{\"Mongo\":function(v){Mongo=v}});var check;module.import('meteor/check',{\"check\":function(v){check=v}});\n\n\n\nvar Items = new Mongo.Collection('items');\n\nif (Meteor.isServer) {\n\t// This code only runs on the server\n\tMeteor.publish('items', function () {\n\t\tfunction itemsPublication(userid) {\n\t\t\treturn Items.find({ owner: this.userId });\n\t\t}\n\n\t\treturn itemsPublication;\n\t}());\n}\n\nMeteor.methods({\n\n\t'items.insert': function () {\n\t\tfunction itemsInsert(name, amount) {\n\t\t\tcheck(name, String);\n\t\t\tcheck(amount, String);\n\n\t\t\t// is user loggin in before adding items\n\t\t\tif (!this.userId) {\n\t\t\t\tthrow new Meteor.Error('not-authorized');\n\t\t\t}\n\n\t\t\tItems.insert({\n\t\t\t\tname: name,\n\t\t\t\tamount: amount,\n\t\t\t\tcreatedAt: new Date(),\n\t\t\t\towner: this.userId,\n\t\t\t\tusername: Meteor.users.findOne(this.userId).username\n\n\t\t\t});\n\t\t}\n\n\t\treturn itemsInsert;\n\t}(),\n\n\t'items.remove': function () {\n\t\tfunction itemsRemove(itemId) {\n\t\t\tcheck(itemId, String);\n\n\t\t\t// if (item.owner != this.userId) {\n\t\t\t// \t throw new Meteor.Error('not-authorized');\n\t\t\t// }\n\t\t\tItems.remove(itemId);\n\t\t}\n\n\t\treturn itemsRemove;\n\t}(),\n\n\t'items.setChecked': function () {\n\t\tfunction itemsSetChecked(itemId, setChecked) {\n\t\t\tcheck(itemId, String);\n\t\t\tcheck(setChecked, Boolean);\n\t\t\t// if (item.owner != this.userId) {\n\t\t\t// \t throw new Meteor.Error('not-authorized');\n\t\t\t// }\n\t\t\tItems.update(itemId, {\n\t\t\t\t$set: { checked: setChecked } });\n\t\t}\n\n\t\treturn itemsSetChecked;\n\t}(),\n\n\t'items.clear-list': function () {\n\t\tfunction itemsClearList() {\n\t\t\tif (!this.userId) {\n\t\t\t\tthrow new Meteor.Error('not-authorized');\n\t\t\t}\n\t\t\tItems.remove({});\n\t\t}\n\n\t\treturn itemsClearList;\n\t}()\n\n});","ast":null,"map":{"version":3,"sources":["/imports/api/items.js"],"names":["Meteor","Mongo","check","Items","Collection","isServer","publish","itemsPublication","userid","find","owner","userId","methods","name","amount","String","Error","insert","createdAt","Date","username","users","findOne","itemId","remove","setChecked","Boolean","update","$set","checked"],"mappings":"AAAA,SAASA,MAAT,QAAuB,eAAvB;AACA,SAASC,KAAT,QAAsB,cAAtB;AACA,SAASC,KAAT,QAAsB,cAAtB;;AAEA,OAAO,IAAIC,QAAQ,IAAIF,MAAMG,UAAV,CAAqB,OAArB,CAAZ;;AAEP,IAAIJ,OAAOK,QAAX,EAAqB;AACpB;AACAL,QAAOM,OAAP,CAAe,OAAf;AAAwB,WAASC,gBAAT,CAA0BC,MAA1B,EAAkC;AACzD,UAAOL,MAAMM,IAAN,CAAW,EAACC,OAAO,KAAKC,MAAb,EAAX,CAAP;AAEA;;AAHD,SAAiCJ,gBAAjC;AAAA;AAKA;;AAEDP,OAAOY,OAAP,CAAe;;AAEd;AAAgB,uBAASC,IAAT,EAAeC,MAAf,EAAsB;AACrCZ,SAAMW,IAAN,EAAYE,MAAZ;AACAb,SAAMY,MAAN,EAAcC,MAAd;;AAED;AACC,OAAI,CAAE,KAAKJ,MAAX,EAAmB;AACjB,UAAM,IAAIX,OAAOgB,KAAX,CAAiB,gBAAjB,CAAN;AACD;;AAEDb,SAAMc,MAAN,CAAa;AACNJ,UAAMA,IADA;AAENC,YAAQA,MAFF;AAGNI,eAAY,IAAIC,IAAJ,EAHN;AAINT,WAAO,KAAKC,MAJN;AAKZS,cAAUpB,OAAOqB,KAAP,CAAaC,OAAb,CAAqB,KAAKX,MAA1B,EAAkCS;;AALhC,IAAb;AAQA;;AAjBD;AAAA,IAFc;;AAqBd;AAAgB,uBAASG,MAAT,EAAgB;AAC/BrB,SAAMqB,MAAN,EAAcR,MAAd;;AAEA;AACA;AACA;AACAZ,SAAMqB,MAAN,CAAaD,MAAb;AACA;;AAPD;AAAA,IArBc;;AA8Bd;AAAoB,2BAASA,MAAT,EAAiBE,UAAjB,EAA4B;AAC/CvB,SAAMqB,MAAN,EAAcR,MAAd;AACAb,SAAMuB,UAAN,EAAkBC,OAAlB;AACA;AACA;AACA;AACAvB,SAAMwB,MAAN,CAAaJ,MAAb,EAAqB;AACpBK,UAAM,EAAEC,SAASJ,UAAX,EADc,EAArB;AAEA;;AARD;AAAA,IA9Bc;;AAwCd;AAAoB,4BAAU;AAC7B,OAAI,CAAE,KAAKd,MAAX,EAAmB;AACjB,UAAM,IAAIX,OAAOgB,KAAX,CAAiB,gBAAjB,CAAN;AACD;AACDb,SAAMqB,MAAN,CAAa,EAAb;AACA;;AALD;AAAA;;AAxCc,CAAf","file":"/imports/api/items.js.map","sourcesContent":["import { Meteor } from 'meteor/meteor';\nimport { Mongo } from 'meteor/mongo';\nimport { check } from 'meteor/check';\n\nexport var Items = new Mongo.Collection('items');\n\nif (Meteor.isServer) {\n\t// This code only runs on the server\n\tMeteor.publish('items', function itemsPublication(userid) {\n\t\treturn Items.find({owner: this.userId});\n\t\t\n\t});\n\n}\n\nMeteor.methods({\n\n\t'items.insert': function(name, amount){\n\t\tcheck(name, String);\n\t\tcheck(amount, String);\n\t\n\t// is user loggin in before adding items\n\t\tif (! this.userId) {\n\t\t\t throw new Meteor.Error('not-authorized');\n\t\t}\n\n\t\tItems.insert({\n\t        name: name,\n\t        amount: amount,\n\t        createdAt : new Date(),\n\t        owner: this.userId,\n\t\t\tusername: Meteor.users.findOne(this.userId).username,\n\t        \n\t    });\n\t},\n\n\t'items.remove': function(itemId){\n\t\tcheck(itemId, String);\n\n\t\t// if (item.owner != this.userId) {\n\t\t// \t throw new Meteor.Error('not-authorized');\n\t\t// }\n\t\tItems.remove(itemId);\n\t},\n\n\t'items.setChecked': function(itemId, setChecked){\n\t\tcheck(itemId, String);\n\t\tcheck(setChecked, Boolean);\n\t\t// if (item.owner != this.userId) {\n\t\t// \t throw new Meteor.Error('not-authorized');\n\t\t// }\n\t\tItems.update(itemId, {\n\t\t\t$set: { checked: setChecked } });\n\t},\n\n\t'items.clear-list': function(){\n\t\tif (! this.userId) {\n\t\t\t throw new Meteor.Error('not-authorized');\n\t\t}\n\t\tItems.remove({});\n\t}\n\n});\n"]},"hash":"b6b404f4ced3724541c0b1a7aba1047d1101353f"}
