{"metadata":{"usedHelpers":[],"marked":[],"modules":{"imports":[{"source":"meteor/meteor","imported":["Meteor"],"specifiers":[{"kind":"named","imported":"Meteor","local":"Meteor"}]},{"source":"../imports/api/items.js","imported":[],"specifiers":[]}],"exports":{"exported":[],"specifiers":[]}}},"options":{"filename":"/server/main.js","filenameRelative":"/server/main.js","env":{"development":{"plugins":[]}},"retainLines":false,"highlightCode":true,"suppressDeprecationMessages":false,"presets":[],"plugins":[[[],{"polyfill":false}],[[],null],[[],null],[[],null],[[],null],[[],null],[[],null],[[],null],[[],null],[[],null],[[],null],[[],null],[[],null],[[],null],[[],null],[[],null],[[],{"loose":true}],[[],{"loose":true}],[[],null],[[],{"loose":true}],[[],null],[[],null],[[],null],[[],null],[[],null],[[],null],[[],null],[[],{"loose":true}],[[],null],[[],null],[[],null],[[],null],[[],null],[[],null],[[],null],[[],null]],"ignore":[],"code":true,"metadata":true,"ast":false,"comments":true,"compact":false,"minified":false,"sourceMap":true,"sourceMaps":true,"sourceMapTarget":"/server/main.js.map","sourceFileName":"/server/main.js","babelrc":false,"sourceType":"module","moduleIds":false,"passPerPreset":false,"parserOpts":false,"generatorOpts":false,"basename":"main"},"ignored":false,"code":"var Meteor;module.import('meteor/meteor',{\"Meteor\":function(v){Meteor=v}});module.import('../imports/api/items.js');\n\n\nMeteor.startup(function () {\n  // code to run on server at startup\n});","ast":null,"map":{"version":3,"sources":["/server/main.js"],"names":["Meteor","startup"],"mappings":"AAAA,SAASA,MAAT,QAAuB,eAAvB;AACA,OAAO,yBAAP;;AAEAA,OAAOC,OAAP,CAAe,YAAU;AACvB;AACD,CAFD","file":"/server/main.js.map","sourcesContent":["import { Meteor } from 'meteor/meteor';\nimport '../imports/api/items.js'\n\nMeteor.startup(function(){\n  // code to run on server at startup\n});\n"]},"hash":"bcba06f8f371408090c5cf7f17d22d2e0b78a2d7"}
