{"metadata":{"usedHelpers":[],"marked":[],"modules":{"imports":[],"exports":{"exported":[],"specifiers":[]}}},"options":{"filename":"/packages/aldeed:template-extension/lib/template-for-each-instance.js","filenameRelative":"/packages/aldeed:template-extension/lib/template-for-each-instance.js","env":{"development":{"plugins":[]}},"retainLines":false,"highlightCode":true,"suppressDeprecationMessages":false,"presets":[],"plugins":[[[],{"polyfill":false}],[[],null],[[],null],[[],null],[[],null],[[],null],[[],null],[[],null],[[],null],[[],null],[[],null],[[],null],[[],null],[[],null],[[],null],[[],null],[[],{"loose":true}],[[],{"loose":true}],[[],null],[[],{"loose":true}],[[],null],[[],null],[[],null],[[],null],[[],null],[[],null],[[],null],[[],{"loose":true}],[[],null],[[],null],[[],null],[[],null],[[],null],[[],null],[[],null],[[],null]],"ignore":[],"code":true,"metadata":true,"ast":false,"comments":true,"compact":false,"minified":false,"sourceMap":true,"sourceMaps":true,"sourceMapTarget":"/packages/aldeed:template-extension/lib/template-for-each-instance.js.map","sourceFileName":"/packages/aldeed:template-extension/lib/template-for-each-instance.js","babelrc":false,"sourceType":"module","moduleIds":false,"passPerPreset":false,"parserOpts":false,"generatorOpts":false,"basename":"template-for-each-instance"},"ignored":false,"code":"Template._renderedInstances = [];\n\nTemplate.onRendered(function () {\n  Template._renderedInstances.push(this);\n});\n\nTemplate.onDestroyed(function () {\n  var i = Template._renderedInstances.indexOf(this);\n  if (i > -1) Template._renderedInstances.splice(i, 1);\n});\n\nTemplate.forEachCurrentlyRenderedInstance = function (func) {\n  Template._renderedInstances.forEach(func);\n};","ast":null,"map":{"version":3,"sources":["/packages/aldeed:template-extension/lib/template-for-each-instance.js"],"names":["Template","_renderedInstances","onRendered","push","onDestroyed","i","indexOf","splice","forEachCurrentlyRenderedInstance","func","forEach"],"mappings":"AAAAA,SAASC,kBAAT,GAA8B,EAA9B;;AAEAD,SAASE,UAAT,CAAoB,YAAY;AAC9BF,WAASC,kBAAT,CAA4BE,IAA5B,CAAiC,IAAjC;AACD,CAFD;;AAIAH,SAASI,WAAT,CAAqB,YAAY;AAC/B,MAAIC,IAAIL,SAASC,kBAAT,CAA4BK,OAA5B,CAAoC,IAApC,CAAR;AACA,MAAID,IAAI,CAAC,CAAT,EAAYL,SAASC,kBAAT,CAA4BM,MAA5B,CAAmCF,CAAnC,EAAsC,CAAtC;AACb,CAHD;;AAKAL,SAASQ,gCAAT,GAA4C,UAACC,IAAD,EAAU;AACpDT,WAASC,kBAAT,CAA4BS,OAA5B,CAAoCD,IAApC;AACD,CAFD","file":"/packages/aldeed:template-extension/lib/template-for-each-instance.js.map","sourcesContent":["Template._renderedInstances = [];\n\nTemplate.onRendered(function () {\n  Template._renderedInstances.push(this);\n});\n\nTemplate.onDestroyed(function () {\n  var i = Template._renderedInstances.indexOf(this);\n  if (i > -1) Template._renderedInstances.splice(i, 1);\n});\n\nTemplate.forEachCurrentlyRenderedInstance = (func) => {\n  Template._renderedInstances.forEach(func);\n};\n"]},"hash":"c0a0285e943e663df57ca338071ae09ee3d7a2c7"}
