{"metadata":{"usedHelpers":[],"marked":[],"modules":{"imports":[{"source":"./body.html","imported":[],"specifiers":[]}],"exports":{"exported":[],"specifiers":[]}}},"options":{"filename":"/imports/ui/body.js","filenameRelative":"/imports/ui/body.js","env":{"development":{"plugins":[]}},"retainLines":false,"highlightCode":true,"suppressDeprecationMessages":false,"presets":[],"plugins":[[[],{"polyfill":false}],[[],null],[[],null],[[],null],[[],null],[[],null],[[],null],[[],null],[[],null],[[],null],[[],null],[[],null],[[],null],[[],null],[[],null],[[],null],[[],{"loose":true}],[[],{"loose":true}],[[],null],[[],{"loose":true}],[[],null],[[],null],[[],null],[[],null],[[],null],[[],null],[[],null],[[],{"loose":true}],[[],null],[[],null],[[],null],[[],null],[[],null],[[],null],[[],null],[[],null]],"ignore":[],"code":true,"metadata":true,"ast":false,"comments":true,"compact":false,"minified":false,"sourceMap":true,"sourceMaps":true,"sourceMapTarget":"/imports/ui/body.js.map","sourceFileName":"/imports/ui/body.js","babelrc":false,"sourceType":"module","moduleIds":false,"passPerPreset":false,"parserOpts":false,"generatorOpts":false,"basename":"body"},"ignored":false,"code":"module.import('./body.html');","ast":null,"map":{"version":3,"sources":["/imports/ui/body.js"],"names":[],"mappings":"AAAA,OAAO,aAAP","file":"/imports/ui/body.js.map","sourcesContent":["import './body.html'"]},"hash":"c79fbdf6824f5c8882f0a586e22754eed8c7e0bb"}
