{"metadata":{"usedHelpers":[],"marked":[],"modules":{"imports":[{"source":"meteor/reactive-var","imported":["ReactiveVar"],"specifiers":[{"kind":"named","imported":"ReactiveVar","local":"ReactiveVar"}]},{"source":"../imports/ui/body.js","imported":[],"specifiers":[]}],"exports":{"exported":[],"specifiers":[]}}},"options":{"filename":"/client/main.js","filenameRelative":"/client/main.js","env":{"development":{"plugins":[]}},"retainLines":false,"highlightCode":true,"suppressDeprecationMessages":false,"presets":[],"plugins":[[[],{"polyfill":false}],[[],null],[[],null],[[],null],[[],null],[[],null],[[],null],[[],null],[[],null],[[],null],[[],null],[[],null],[[],null],[[],null],[[],null],[[],null],[[],{"loose":true}],[[],{"loose":true}],[[],null],[[],{"loose":true}],[[],null],[[],null],[[],null],[[],null],[[],null],[[],null],[[],null],[[],{"loose":true}],[[],null],[[],null],[[],null],[[],null],[[],null],[[],null],[[],null],[[],null]],"ignore":[],"code":true,"metadata":true,"ast":false,"comments":true,"compact":false,"minified":false,"sourceMap":true,"sourceMaps":true,"sourceMapTarget":"/client/main.js.map","sourceFileName":"/client/main.js","babelrc":false,"sourceType":"module","moduleIds":false,"passPerPreset":false,"parserOpts":false,"generatorOpts":false,"basename":"main"},"ignored":false,"code":"var ReactiveVar;module.import('meteor/reactive-var',{\"ReactiveVar\":function(v){ReactiveVar=v}});module.import('../imports/ui/body.js');\n\n\n\n\n// Template.item.helpers({\n\n\n// });\n\nTemplate.item.events({\n  'click.toggle-checked': function () {\n    function clickToggleChecked() {\n      // Set the checked property to the opposite of its current value\n      Items.update(this._id, {\n        $set: { checked: !this.checked }\n      });\n    }\n\n    return clickToggleChecked;\n  }(),\n  'click.btn-danger': function () {\n    function clickBtnDanger() {\n      Tasks.remove(this._id);\n    }\n\n    return clickBtnDanger;\n  }()\n});","ast":null,"map":{"version":3,"sources":["/client/main.js"],"names":["ReactiveVar","Template","item","events","Items","update","_id","$set","checked","Tasks","remove"],"mappings":";AACA,SAASA,WAAT,QAA4B,qBAA5B;;AAEA,OAAO,uBAAP;;AAIE;;;AAGA;;AAEAC,SAASC,IAAT,CAAcC,MAAd,CAAqB;AACnB,wBADmB;AAAA,kCACK;AACxB;AACEC,YAAMC,MAAN,CAAa,KAAKC,GAAlB,EAAuB;AACpBC,cAAM,EAAEC,SAAS,CAAC,KAAKA,OAAjB;AADc,OAAvB;AAGA;;AANiB;AAAA;AAQnB,oBARmB;AAAA,8BAQE;AACnBC,YAAMC,MAAN,CAAa,KAAKJ,GAAlB;AACD;;AAVkB;AAAA;AAAA,CAArB","file":"/client/main.js.map","sourcesContent":["\nimport { ReactiveVar } from 'meteor/reactive-var';\n\nimport '../imports/ui/body.js';\n\n\n\n  // Template.item.helpers({\n  \n    \n  // });\n\n  Template.item.events({\n    'click.toggle-checked'(){\n    // Set the checked property to the opposite of its current value\n      Items.update(this._id, {\n         $set: { checked: !this.checked }\n      });\n     },\n\n    'click.btn-danger'() {\n      Tasks.remove(this._id);\n    }\n  });\n"]},"hash":"d04a5d6a2ca78a0fd901819f0cda94a95efe4000"}
