{"metadata":{"usedHelpers":[],"marked":[],"modules":{"imports":[{"source":"meteor/templating","imported":["Template"],"specifiers":[{"kind":"named","imported":"Template","local":"Template"}]},{"source":"meteor/reactive-dict","imported":["ReactiveDict"],"specifiers":[{"kind":"named","imported":"ReactiveDict","local":"ReactiveDict"}]},{"source":"../api/items.js","imported":["Items"],"specifiers":[{"kind":"named","imported":"Items","local":"Items"}]},{"source":"./item.js","imported":[],"specifiers":[]},{"source":"./body.html","imported":[],"specifiers":[]}],"exports":{"exported":[],"specifiers":[]}}},"options":{"filename":"/imports/ui/body.js","filenameRelative":"/imports/ui/body.js","env":{"development":{"plugins":[]}},"retainLines":false,"highlightCode":true,"suppressDeprecationMessages":false,"presets":[],"plugins":[[[],{"polyfill":false}],[[],null],[[],null],[[],null],[[],null],[[],null],[[],null],[[],null],[[],null],[[],null],[[],null],[[],null],[[],null],[[],null],[[],null],[[],null],[[],{"loose":true}],[[],{"loose":true}],[[],null],[[],{"loose":true}],[[],null],[[],null],[[],null],[[],null],[[],null],[[],null],[[],null],[[],{"loose":true}],[[],null],[[],null],[[],null],[[],null],[[],null],[[],null],[[],null],[[],null]],"ignore":[],"code":true,"metadata":true,"ast":false,"comments":true,"compact":false,"minified":false,"sourceMap":true,"sourceMaps":true,"sourceMapTarget":"/imports/ui/body.js.map","sourceFileName":"/imports/ui/body.js","babelrc":false,"sourceType":"module","moduleIds":false,"passPerPreset":false,"parserOpts":false,"generatorOpts":false,"basename":"body"},"ignored":false,"code":"var Template;module.import('meteor/templating',{\"Template\":function(v){Template=v}});var ReactiveDict;module.import('meteor/reactive-dict',{\"ReactiveDict\":function(v){ReactiveDict=v}});var Items;module.import('../api/items.js',{\"Items\":function(v){Items=v}});module.import('./item.js');module.import('./body.html');\n\n\n\n\n\n\nTemplate.body.onCreated(function () {\n  function bodyOnCreated() {\n    var _this = this;\n\n    this.state = new ReactiveDict();\n    this.autorun(function () {\n      _this.subscribe('items');\n    });\n  }\n\n  return bodyOnCreated;\n}());\n\nTemplate.body.helpers({\n  items: function () {\n    function items() {\n      var instance = Template.instance();\n      if (instance.state.get('hide-checked')) {\n        return Items.find({ checked: { $ne: true } }, { sort: { createdAt: -1 } });\n      }\n      return Items.find({}, { sort: { createdAt: -1 } });\n    }\n\n    return items;\n  }()\n});\n\nTemplate.body.events({\n  'submit .new-item': function () {\n    function submitNewItem(event) {\n      event.preventDefault();\n      //get value from input element\n      var name = event.target.name.value;\n      var amount = event.target.amount.value;\n      //insert one item into the items collections\n      // Items.insert({\n      //  \tname : name,\n      //  \tamount: amount,\n      //  \towner: Meteor.userId(),\n      //  \tusername: Meteor.user().username,\n      //  \tcreatedAt : new Date()\n      //  });\n      Meteor.call('items.insert', name, amount);\n\n      //clear form\n      event.target.name.value = '';\n      event.target.amount.value = '';\n    }\n\n    return submitNewItem;\n  }(),\n\n  'change .hide-checked input': function () {\n    function changeHideCheckedInput(event, instance) {\n      instance.state.set('hide-checked', event.target.checked);\n    }\n\n    return changeHideCheckedInput;\n  }(),\n\n  // 'change .clear-list': function(event, instance){\n  // \tinstance.state.set('clear-list', event.target.clicked);\n  // }\n\n  'click .clear-list': function () {\n    function clickClearList() {\n      // $('li').remove();\n      Items.remove();\n    }\n\n    return clickClearList;\n  }()\n});","ast":null,"map":{"version":3,"sources":["/imports/ui/body.js"],"names":["Template","ReactiveDict","Items","body","onCreated","bodyOnCreated","state","autorun","subscribe","helpers","items","instance","get","find","checked","$ne","sort","createdAt","events","event","preventDefault","name","target","value","amount","Meteor","call","set","remove"],"mappings":"AAAA,SAASA,QAAT,QAAyB,mBAAzB;AACA,SAASC,YAAT,QAA6B,sBAA7B;AACA,SAASC,KAAT,QAAsB,iBAAtB;;AAEA,OAAO,WAAP;AACA,OAAO,aAAP;;AAEAF,SAASG,IAAT,CAAcC,SAAd;AAAwB,WAASC,aAAT,GAAyB;AAAA;;AAChD,SAAKC,KAAL,GAAa,IAAIL,YAAJ,EAAb;AACA,SAAKM,OAAL,CAAa,YAAM;AAClB,YAAKC,SAAL,CAAe,OAAf;AACA,KAFD;AAGA;;AALD,SAAiCH,aAAjC;AAAA;;AAOAL,SAASG,IAAT,CAAcM,OAAd,CAAsB;AAClBC;AAAO,qBAAU;AAChB,UAAIC,WAAWX,SAASW,QAAT,EAAf;AACA,UAAGA,SAASL,KAAT,CAAeM,GAAf,CAAmB,cAAnB,CAAH,EAAsC;AACrC,eAAOV,MAAMW,IAAN,CAAW,EAACC,SAAS,EAAEC,KAAK,IAAP,EAAV,EAAX,EAAqC,EAACC,MAAM,EAAEC,WAAW,CAAC,CAAd,EAAP,EAArC,CAAP;AACA;AACC,aAAOf,MAAMW,IAAN,CAAW,EAAX,EAAe,EAACG,MAAM,EAAEC,WAAW,CAAC,CAAd,EAAP,EAAf,CAAP;AACF;;AAND;AAAA;AADkB,CAAtB;;AAWAjB,SAASG,IAAT,CAAce,MAAd,CAAqB;AACpB;AAAoB,2BAASC,KAAT,EAAgB;AACnCA,YAAMC,cAAN;AACK;AACA,UAAIC,OAAOF,MAAMG,MAAN,CAAaD,IAAb,CAAkBE,KAA7B;AACA,UAAIC,SAASL,MAAMG,MAAN,CAAaE,MAAb,CAAoBD,KAAjC;AACA;AACA;AACA;AACA;AACA;AACA;AACA;AACA;AACCE,aAAOC,IAAP,CAAY,cAAZ,EAA4BL,IAA5B,EAAkCG,MAAlC;;AAEF;AACCL,YAAMG,MAAN,CAAaD,IAAb,CAAkBE,KAAlB,GAA0B,EAA1B;AACAJ,YAAMG,MAAN,CAAaE,MAAb,CAAoBD,KAApB,GAA4B,EAA5B;AACF;;AAlBJ;AAAA,KADoB;;AAqBjB;AAA8B,oCAASJ,KAAT,EAAgBR,QAAhB,EAAyB;AACtDA,eAASL,KAAT,CAAeqB,GAAf,CAAmB,cAAnB,EAAmCR,MAAMG,MAAN,CAAaR,OAAhD;AACA;;AAFD;AAAA,KArBiB;;AAyBjB;AACA;AACA;;AAEA;AAAqB,8BAAU;AAC9B;AACAZ,YAAM0B,MAAN;AAIA;;AAND;AAAA;AA7BiB,CAArB","file":"/imports/ui/body.js.map","sourcesContent":["import { Template } from 'meteor/templating';\nimport { ReactiveDict } from 'meteor/reactive-dict';\nimport { Items } from '../api/items.js';\n\nimport './item.js';\nimport './body.html';\n\nTemplate.body.onCreated(function bodyOnCreated() {\n\tthis.state = new ReactiveDict();\n\tthis.autorun(() => {\n\t\tthis.subscribe('items');\n\t});\n});\n\nTemplate.body.helpers({\n    items: function(){\n    \tvar instance = Template.instance();\n    \tif(instance.state.get('hide-checked')){\n    \t\treturn Items.find({checked: { $ne: true} }, {sort: { createdAt: -1} } );\n    \t}\n      \treturn Items.find({}, {sort: { createdAt: -1} } );\n    }\n});\n\n  \nTemplate.body.events({\n\t'submit .new-item': function(event) {\n\t\tevent.preventDefault();\n      \t//get value from input element\n      \tvar name = event.target.name.value;\n      \tvar amount = event.target.amount.value;\n      \t//insert one item into the items collections\n      \t// Items.insert({\n       //  \tname : name,\n       //  \tamount: amount,\n       //  \towner: Meteor.userId(),\n       //  \tusername: Meteor.user().username,\n       //  \tcreatedAt : new Date()\n       //  });\n        Meteor.call('items.insert', name, amount);\n\n      //clear form\n      \tevent.target.name.value = '';\n      \tevent.target.amount.value = ''; \n    },\n\n    'change .hide-checked input': function(event, instance){\n    \tinstance.state.set('hide-checked', event.target.checked);\n    },\n\n    // 'change .clear-list': function(event, instance){\n    // \tinstance.state.set('clear-list', event.target.clicked);\n    // }\n\n    'click .clear-list': function(){\n    \t// $('li').remove();\n    \tItems.remove();\n    \t\n    \t\n    \t\n    }\n});"]},"hash":"de2fcfbfa9376f8d4ac42f32e9e2c18b0578d307"}
