{"metadata":{"usedHelpers":[],"marked":[],"modules":{"imports":[{"source":"meteor/meteor","imported":["Meteor"],"specifiers":[{"kind":"named","imported":"Meteor","local":"Meteor"}]},{"source":"meteor/mongo","imported":["Mongo"],"specifiers":[{"kind":"named","imported":"Mongo","local":"Mongo"}]},{"source":"meteor/check","imported":["check"],"specifiers":[{"kind":"named","imported":"check","local":"check"}]}],"exports":{"exported":["Items"],"specifiers":[{"kind":"local","local":"Items","exported":"Items"}]}}},"options":{"filename":"/imports/api/items.js","filenameRelative":"/imports/api/items.js","env":{"development":{"plugins":[]}},"retainLines":false,"highlightCode":true,"suppressDeprecationMessages":false,"presets":[],"plugins":[[[],{"polyfill":false}],[[],null],[[],null],[[],null],[[],null],[[],null],[[],null],[[],null],[[],null],[[],null],[[],null],[[],null],[[],null],[[],null],[[],null],[[],null],[[],{"loose":true}],[[],{"loose":true}],[[],null],[[],{"loose":true}],[[],null],[[],null],[[],null],[[],null],[[],null],[[],null],[[],null],[[],{"loose":true}],[[],null],[[],null],[[],null],[[],null],[[],null],[[],null],[[],null],[[],null]],"ignore":[],"code":true,"metadata":true,"ast":false,"comments":true,"compact":false,"minified":false,"sourceMap":true,"sourceMaps":true,"sourceMapTarget":"/imports/api/items.js.map","sourceFileName":"/imports/api/items.js","babelrc":false,"sourceType":"module","moduleIds":false,"passPerPreset":false,"parserOpts":false,"generatorOpts":false,"basename":"items"},"ignored":false,"code":"module.export({Items:function(){return Items}});var Meteor;module.import('meteor/meteor',{\"Meteor\":function(v){Meteor=v}});var Mongo;module.import('meteor/mongo',{\"Mongo\":function(v){Mongo=v}});var check;module.import('meteor/check',{\"check\":function(v){check=v}});\n\n\n\nvar Items = new Mongo.Collection('items');\n\nMeteor.methods({\n\n\t'items.insert': function () {\n\t\tfunction itemsInsert(name, amount) {\n\t\t\tcheck(name, String);\n\t\t\tcheck(amount, String);\n\n\t\t\t//check if user is logged in before inserting a task\n\n\t\t\tif (!this.userId) {\n\t\t\t\tthrow new Meteor.Error('not-authorized');\n\t\t\t}\n\n\t\t\tTasks.insert({\n\t\t\t\tname: name,\n\t\t\t\tamount: amount,\n\t\t\t\tcreatedAt: new Date(),\n\t\t\t\towner: this.userId,\n\t\t\t\tusername: Meteor.users.findOne(this.userId).username\n\t\t\t});\n\t\t}\n\n\t\treturn itemsInsert;\n\t}(),\n\n\t'items.remove': function () {\n\t\tfunction itemsRemove(itemId) {\n\t\t\tcheck(itemId, String);\n\t\t\tItems.remove(itemId);\n\t\t}\n\n\t\treturn itemsRemove;\n\t}(),\n\n\t'items.setChecked': function () {\n\t\tfunction itemsSetChecked(itemId, setChecked) {\n\t\t\tcheck(itemId, String);\n\t\t\tcheck(setChecked, Boolean);\n\n\t\t\tItems.update(itemId, {\n\t\t\t\t$set: { checked: setChecked } });\n\t\t}\n\n\t\treturn itemsSetChecked;\n\t}()\n});","ast":null,"map":{"version":3,"sources":["/imports/api/items.js"],"names":["Meteor","Mongo","check","Items","Collection","methods","name","amount","String","userId","Error","Tasks","insert","createdAt","Date","owner","username","users","findOne","itemId","remove","setChecked","Boolean","update","$set","checked"],"mappings":"AAAA,SAASA,MAAT,QAAuB,eAAvB;AACA,SAASC,KAAT,QAAsB,cAAtB;AACA,SAASC,KAAT,QAAsB,cAAtB;;AAEA,OAAO,IAAIC,QAAQ,IAAIF,MAAMG,UAAV,CAAqB,OAArB,CAAZ;;AAEPJ,OAAOK,OAAP,CAAe;;AAEd;AAAgB,uBAASC,IAAT,EAAeC,MAAf,EAAuB;AACtCL,SAAMI,IAAN,EAAYE,MAAZ;AACAN,SAAMK,MAAN,EAAcC,MAAd;;AAEE;;AAEA,OAAI,CAAE,KAAKC,MAAX,EAAmB;AACrB,UAAM,IAAIT,OAAOU,KAAX,CAAiB,gBAAjB,CAAN;AACG;;AAEFC,SAAMC,MAAN,CAAa;AACbN,UAAMA,IADO;AAEbC,YAAQA,MAFK;AAGbM,eAAW,IAAIC,IAAJ,EAHE;AAIbC,WAAO,KAAKN,MAJC;AAKbO,cAAUhB,OAAOiB,KAAP,CAAaC,OAAb,CAAqB,KAAKT,MAA1B,EAAkCO;AAL/B,IAAb;AAOA;;AAjBF;AAAA,IAFc;;AAqBd;AAAgB,uBAASG,MAAT,EAAgB;AAC/BjB,SAAMiB,MAAN,EAAcX,MAAd;AACAL,SAAMiB,MAAN,CAAaD,MAAb;AACA;;AAHD;AAAA,IArBc;;AA0Bd;AAAoB,2BAASA,MAAT,EAAiBE,UAAjB,EAA4B;AAC/CnB,SAAMiB,MAAN,EAAcX,MAAd;AACAN,SAAMmB,UAAN,EAAkBC,OAAlB;;AAEAnB,SAAMoB,MAAN,CAAaJ,MAAb,EAAqB;AACpBK,UAAM,EAAEC,SAASJ,UAAX,EADc,EAArB;AAEA;;AAND;AAAA;AA1Bc,CAAf","file":"/imports/api/items.js.map","sourcesContent":["import { Meteor } from 'meteor/meteor';\nimport { Mongo } from 'meteor/mongo';\nimport { check } from 'meteor/check';\n\nexport var Items = new Mongo.Collection('items');\n\nMeteor.methods({\n\n\t'items.insert': function(name, amount) {\n\t\tcheck(name, String);\n\t\tcheck(amount, String);\n\n    //check if user is logged in before inserting a task\n\n    if (! this.userId) {\n\t\tthrow new Meteor.Error('not-authorized');\n    }\n\n\t \tTasks.insert({\n\t\t\tname: name,\n\t\t\tamount: amount,\n\t\t\tcreatedAt: new Date(),\t\n\t\t\towner: this.userId,\n\t\t\tusername: Meteor.users.findOne(this.userId).username,\n\t\t});\n \t},\n\n\t'items.remove': function(itemId){\n\t\tcheck(itemId, String);\n\t\tItems.remove(itemId);\n\t},\n\n\t'items.setChecked': function(itemId, setChecked){\n\t\tcheck(itemId, String);\n\t\tcheck(setChecked, Boolean);\n\n\t\tItems.update(itemId, {\n\t\t\t$set: { checked: setChecked } });\n\t}\n});\n"]},"hash":"e285700481ef8544696772abb4f5d71148946fc6"}
