{"metadata":{"usedHelpers":["typeof"],"marked":[],"modules":{"imports":[],"exports":{"exported":[],"specifiers":[]}}},"options":{"filename":"/packages/aldeed:template-extension/lib/template-hooks.js","filenameRelative":"/packages/aldeed:template-extension/lib/template-hooks.js","env":{"development":{"plugins":[]}},"retainLines":false,"highlightCode":true,"suppressDeprecationMessages":false,"presets":[],"plugins":[[[],{"polyfill":false}],[[],null],[[],null],[[],null],[[],null],[[],null],[[],null],[[],null],[[],null],[[],null],[[],null],[[],null],[[],null],[[],null],[[],null],[[],null],[[],{"loose":true}],[[],{"loose":true}],[[],null],[[],{"loose":true}],[[],null],[[],null],[[],null],[[],null],[[],null],[[],null],[[],null],[[],{"loose":true}],[[],null],[[],null],[[],null],[[],null],[[],null],[[],null],[[],null],[[],null]],"ignore":[],"code":true,"metadata":true,"ast":false,"comments":true,"compact":false,"minified":false,"sourceMap":true,"sourceMaps":true,"sourceMapTarget":"/packages/aldeed:template-extension/lib/template-hooks.js.map","sourceFileName":"/packages/aldeed:template-extension/lib/template-hooks.js","babelrc":false,"sourceType":"module","moduleIds":false,"passPerPreset":false,"parserOpts":false,"generatorOpts":false,"basename":"template-hooks"},"ignored":false,"code":"var _typeof;module.import(\"babel-runtime/helpers/typeof\",{\"default\":function(v){_typeof=v}});\nTemplate.prototype.hooks = function (hooks) {\n  if (!hooks || (typeof hooks === \"undefined\" ? \"undefined\" : _typeof(hooks)) !== \"object\") {\n    throw new Error(\"hooks argument must be an object with created, rendered, and/or destroyed properties, each set to a function\");\n  }\n\n  if (typeof hooks.created === 'function') this.onCreated(hooks.created);\n  if (typeof hooks.rendered === 'function') this.onRendered(hooks.rendered);\n  if (typeof hooks.destroyed === 'function') this.onDestroyed(hooks.destroyed);\n};","ast":null,"map":{"version":3,"sources":["/packages/aldeed:template-extension/lib/template-hooks.js"],"names":["Template","prototype","hooks","Error","created","onCreated","rendered","onRendered","destroyed","onDestroyed"],"mappings":";AAAAA,SAASC,SAAT,CAAmBC,KAAnB,GAA2B,UAAUA,KAAV,EAAiB;AAC1C,MAAI,CAACA,KAAD,IAAU,QAAOA,KAAP,yCAAOA,KAAP,OAAiB,QAA/B,EAAyC;AACvC,UAAM,IAAIC,KAAJ,CAAU,8GAAV,CAAN;AACD;;AAED,MAAI,OAAOD,MAAME,OAAb,KAAyB,UAA7B,EAAyC,KAAKC,SAAL,CAAeH,MAAME,OAArB;AACzC,MAAI,OAAOF,MAAMI,QAAb,KAA0B,UAA9B,EAA0C,KAAKC,UAAL,CAAgBL,MAAMI,QAAtB;AAC1C,MAAI,OAAOJ,MAAMM,SAAb,KAA2B,UAA/B,EAA2C,KAAKC,WAAL,CAAiBP,MAAMM,SAAvB;AAC5C,CARD","file":"/packages/aldeed:template-extension/lib/template-hooks.js.map","sourcesContent":["Template.prototype.hooks = function (hooks) {\n  if (!hooks || typeof hooks !== \"object\") {\n    throw new Error(\"hooks argument must be an object with created, rendered, and/or destroyed properties, each set to a function\");\n  }\n  \n  if (typeof hooks.created === 'function') this.onCreated(hooks.created);\n  if (typeof hooks.rendered === 'function') this.onRendered(hooks.rendered);\n  if (typeof hooks.destroyed === 'function') this.onDestroyed(hooks.destroyed);\n};\n"]},"hash":"e7b9c2ea203999873ee2af3b4c68f81b995b532c"}
