{"metadata":{"usedHelpers":[],"marked":[],"modules":{"imports":[{"source":"meteor/templating","imported":["Template"],"specifiers":[{"kind":"named","imported":"Template","local":"Template"}]},{"source":"../api/items.js","imported":["Items"],"specifiers":[{"kind":"named","imported":"Items","local":"Items"}]},{"source":"./item.html","imported":[],"specifiers":[]}],"exports":{"exported":[],"specifiers":[]}}},"options":{"filename":"/imports/ui/item.js","filenameRelative":"/imports/ui/item.js","env":{"development":{"plugins":[]}},"retainLines":false,"highlightCode":true,"suppressDeprecationMessages":false,"presets":[],"plugins":[[[],{"polyfill":false}],[[],null],[[],null],[[],null],[[],null],[[],null],[[],null],[[],null],[[],null],[[],null],[[],null],[[],null],[[],null],[[],null],[[],null],[[],null],[[],{"loose":true}],[[],{"loose":true}],[[],null],[[],{"loose":true}],[[],null],[[],null],[[],null],[[],null],[[],null],[[],null],[[],null],[[],{"loose":true}],[[],null],[[],null],[[],null],[[],null],[[],null],[[],null],[[],null],[[],null]],"ignore":[],"code":true,"metadata":true,"ast":false,"comments":true,"compact":false,"minified":false,"sourceMap":true,"sourceMaps":true,"sourceMapTarget":"/imports/ui/item.js.map","sourceFileName":"/imports/ui/item.js","babelrc":false,"sourceType":"module","moduleIds":false,"passPerPreset":false,"parserOpts":false,"generatorOpts":false,"basename":"item"},"ignored":false,"code":"var Template;module.import('meteor/templating',{\"Template\":function(v){Template=v}});var Items;module.import('../api/items.js',{\"Items\":function(v){Items=v}});module.import('./item.html');\n\n\n\n\n// Template.item.helpers({\n// \tisOwner: function(){\n// \t\treturn this.owner === Meteor.userId();\n// \t}\n\n// });\n\nTemplate.item.events({\n\n    'click .btn-danger': function () {\n        function clickBtnDanger() {\n            // Items.remove(this._id);\n            Meteor.call('items.remove', this._id);\n        }\n\n        return clickBtnDanger;\n    }(),\n\n    'click .toggle-checked': function () {\n        function clickToggleChecked() {\n            // Set the checked property to the opposite of its current value\n            // Items.update(this._id, {\n            // \t$set: { checked: !this.checked },\n            // });\n            Meteor.call('items.setChecked', this._id, !this.checked);\n        }\n\n        return clickToggleChecked;\n    }()\n\n});","ast":null,"map":{"version":3,"sources":["/imports/ui/item.js"],"names":["Template","Items","item","events","Meteor","call","_id","checked"],"mappings":"AAAA,SAASA,QAAT,QAAyB,mBAAzB;AACA,SAASC,KAAT,QAAsB,iBAAtB;;AAEA,OAAO,aAAP;;AAEA;AACA;AACA;AACA;;AAEA;;AAEAD,SAASE,IAAT,CAAcC,MAAd,CAAqB;;AAEpB;AAAqB,kCAAW;AAC5B;AACAC,mBAAOC,IAAP,CAAY,cAAZ,EAA4B,KAAKC,GAAjC;AACA;;AAHJ;AAAA,OAFoB;;AAOjB;AAAyB,sCAAU;AACnC;AACC;AACA;AACA;AACAF,mBAAOC,IAAP,CAAY,kBAAZ,EAAgC,KAAKC,GAArC,EAA0C,CAAC,KAAKC,OAAhD;AACA;;AAND;AAAA;;AAPiB,CAArB","file":"/imports/ui/item.js.map","sourcesContent":["import { Template } from 'meteor/templating';\nimport { Items } from '../api/items.js';\n\nimport './item.html';\n\n// Template.item.helpers({\n// \tisOwner: function(){\n// \t\treturn this.owner === Meteor.userId();\n// \t}\n    \n// });\n\nTemplate.item.events({\n\n\t'click .btn-danger': function() {\n    \t// Items.remove(this._id);\n    \tMeteor.call('items.remove', this._id);\n    },\n\n    'click .toggle-checked': function(){\n    // Set the checked property to the opposite of its current value\n    \t// Items.update(this._id, {\n    \t// \t$set: { checked: !this.checked },\n    \t// });\n    \tMeteor.call('items.setChecked', this._id, !this.checked);\n    }\n\n    \n});"]},"hash":"ecfa8e0e431e7b6c677c92a5653bd5c1bfd6cec9"}
