{"metadata":{"usedHelpers":[],"marked":[],"modules":{"imports":[{"source":"./accounts_tests.js","imported":[],"specifiers":[]},{"source":"./accounts_reconnect_tests.js","imported":[],"specifiers":[]}],"exports":{"exported":[],"specifiers":[]}}},"options":{"filename":"/packages/accounts-base/server_tests.js","filenameRelative":"/packages/accounts-base/server_tests.js","env":{"development":{"plugins":[]}},"retainLines":false,"highlightCode":true,"suppressDeprecationMessages":false,"presets":[],"plugins":[[[],{"polyfill":false}],[[],null],[[],null],[[],null],[[],null],[[],null],[[],null],[[],null],[[],null],[[],null],[[],null],[[],null],[[],null],[[],null],[[],null],[[],null],[[],{"loose":true}],[[],{"loose":true}],[[],null],[[],{"loose":true}],[[],null],[[],null],[[],null],[[],null],[[],null],[[],null],[[],null],[[],{"loose":true}],[[],null],[[],null],[[],null],[[],null],[[],null],[[],null],[[],null],[[],null]],"ignore":[],"code":true,"metadata":true,"ast":false,"comments":true,"compact":false,"minified":false,"sourceMap":true,"sourceMaps":true,"sourceMapTarget":"/packages/accounts-base/server_tests.js.map","sourceFileName":"/packages/accounts-base/server_tests.js","babelrc":false,"sourceType":"module","moduleIds":false,"passPerPreset":false,"parserOpts":false,"generatorOpts":false,"basename":"server_tests"},"ignored":false,"code":"module.import(\"./accounts_tests.js\");module.import(\"./accounts_reconnect_tests.js\");\n","ast":null,"map":{"version":3,"sources":["/packages/accounts-base/server_tests.js"],"names":[],"mappings":"AAAA,OAAO,qBAAP;AACA,OAAO,+BAAP","file":"/packages/accounts-base/server_tests.js.map","sourcesContent":["import \"./accounts_tests.js\";\nimport \"./accounts_reconnect_tests.js\";\n"]},"hash":"fa120713f378da80dc191a6608e1080347ce85bb"}
