{"metadata":{"usedHelpers":[],"marked":[],"modules":{"imports":[],"exports":{"exported":[],"specifiers":[]}}},"options":{"filename":"/packages/aldeed:template-extension/lib/template-inherits-helpers-from.js","filenameRelative":"/packages/aldeed:template-extension/lib/template-inherits-helpers-from.js","env":{"development":{"plugins":[]}},"retainLines":false,"highlightCode":true,"suppressDeprecationMessages":false,"presets":[],"plugins":[[[],{"polyfill":false}],[[],null],[[],null],[[],null],[[],null],[[],null],[[],null],[[],null],[[],null],[[],null],[[],null],[[],null],[[],null],[[],null],[[],null],[[],null],[[],{"loose":true}],[[],{"loose":true}],[[],null],[[],{"loose":true}],[[],null],[[],null],[[],null],[[],null],[[],null],[[],null],[[],null],[[],{"loose":true}],[[],null],[[],null],[[],null],[[],null],[[],null],[[],null],[[],null],[[],null]],"ignore":[],"code":true,"metadata":true,"ast":false,"comments":true,"compact":false,"minified":false,"sourceMap":true,"sourceMaps":true,"sourceMapTarget":"/packages/aldeed:template-extension/lib/template-inherits-helpers-from.js.map","sourceFileName":"/packages/aldeed:template-extension/lib/template-inherits-helpers-from.js","babelrc":false,"sourceType":"module","moduleIds":false,"passPerPreset":false,"parserOpts":false,"generatorOpts":false,"basename":"template-inherits-helpers-from"},"ignored":false,"code":"Template.prototype.inheritsHelpersFrom = function () {\n  function inheritsHelpersFrom(otherTemplate) {\n    var self = this;\n\n    function inheritHelpers(template) {\n      // String template names can be provided and template object is looked up\n      if (typeof template === 'string') template = Template[template];\n      if (!template) return;\n\n      var inheritedHelpers = {};\n      _.each(template.__helpers, function (helper, name) {\n        if (name.charAt(0) === \" \") inheritedHelpers[name.slice(1)] = helper;\n      });\n\n      self.helpers(inheritedHelpers);\n    }\n\n    // Accept an array as otherTemplate argument\n    if (_.isArray(otherTemplate)) {\n      _.each(otherTemplate, inheritHelpers);\n    } else {\n      //otherTemplate is a string\n      inheritHelpers(otherTemplate);\n    }\n  }\n\n  return inheritsHelpersFrom;\n}();","ast":null,"map":{"version":3,"sources":["/packages/aldeed:template-extension/lib/template-inherits-helpers-from.js"],"names":["Template","prototype","inheritsHelpersFrom","otherTemplate","self","inheritHelpers","template","inheritedHelpers","_","each","__helpers","helper","name","charAt","slice","helpers","isArray"],"mappings":"AAAAA,SAASC,SAAT,CAAmBC,mBAAnB;AAAyC,WAASA,mBAAT,CAA6BC,aAA7B,EAA4C;AACnF,QAAIC,OAAO,IAAX;;AAEA,aAASC,cAAT,CAAwBC,QAAxB,EAAkC;AAChC;AACA,UAAI,OAAOA,QAAP,KAAoB,QAAxB,EAAkCA,WAAWN,SAASM,QAAT,CAAX;AAClC,UAAI,CAACA,QAAL,EAAe;;AAEf,UAAIC,mBAAmB,EAAvB;AACAC,QAAEC,IAAF,CAAOH,SAASI,SAAhB,EAA2B,UAACC,MAAD,EAASC,IAAT,EAAkB;AAC3C,YAAIA,KAAKC,MAAL,CAAY,CAAZ,MAAmB,GAAvB,EAA4BN,iBAAiBK,KAAKE,KAAL,CAAW,CAAX,CAAjB,IAAkCH,MAAlC;AAC7B,OAFD;;AAIAP,WAAKW,OAAL,CAAaR,gBAAb;AACD;;AAED;AACA,QAAIC,EAAEQ,OAAF,CAAUb,aAAV,CAAJ,EAA8B;AAC5BK,QAAEC,IAAF,CAAON,aAAP,EAAsBE,cAAtB;AACD,KAFD,MAEO;AAAE;AACPA,qBAAeF,aAAf;AACD;AACF;;AAtBD,SAAkDD,mBAAlD;AAAA","file":"/packages/aldeed:template-extension/lib/template-inherits-helpers-from.js.map","sourcesContent":["Template.prototype.inheritsHelpersFrom = function inheritsHelpersFrom(otherTemplate) {\n  var self = this;\n  \n  function inheritHelpers(template) {\n    // String template names can be provided and template object is looked up\n    if (typeof template === 'string') template = Template[template];\n    if (!template) return;\n    \n    let inheritedHelpers = {};\n    _.each(template.__helpers, (helper, name) => {\n      if (name.charAt(0) === \" \") inheritedHelpers[name.slice(1)] = helper;\n    });\n\n    self.helpers(inheritedHelpers);\n  }\n\n  // Accept an array as otherTemplate argument\n  if (_.isArray(otherTemplate)) {\n    _.each(otherTemplate, inheritHelpers);\n  } else { //otherTemplate is a string\n    inheritHelpers(otherTemplate);\n  }\n};\n"]},"hash":"faac91fa03656e12608e6b58a3515207b4c6ff8a"}
